                  yr,year,gpp_yr,Rnitr,NPP_yr,Rh_yr,NEE_yr,Precp,Evap,Transp,Runoff,N_up,N_fix,N_depo,N_leach,N_vol,N_def,Q_leaf,Q_wood,Q_root,Q_fine,Q_coarse,Q_Micr,Q_Slow,Q_Pass,N_leaf,N_wood,N_root,N_fine,N_coarse,N_micr,N_slowC,N_pass,QNminer,NSN
     1,  1998,   2560.6399,     27.1625,   1433.6226,    802.9190,   -645.4955,   1209.1770,    399.1686,    311.1810,    543.3007,     13.8715,      0.0000,      2.3400,      4.8721,      2.3451,      0.0816,    278.2741,   4771.3521,    394.4825,    213.2277,    314.9225,     68.2512,   3989.9846,    314.7603,      5.5655,     13.6307,      6.5747,      5.3301,      1.0497,      3.9407,    211.2025,     26.2300,      0.0129,      5.9186,
     2,  1999,   2660.3369,     89.8626,   1460.2975,    792.6522,   -682.8255,   1363.0037,    428.5314,    330.7642,    565.5776,     14.4136,      0.0000,      2.3400,      0.0305,      0.0519,      0.1443,    287.0745,   5273.7451,    431.5908,    213.2492,    335.8853,     70.9164,   4056.9263,    316.9231,      5.7415,     15.0652,      7.1932,      5.3300,      1.1196,      3.6050,    211.3815,     26.4102,      0.0087,      5.8561,
     3,  2000,   2595.8738,     83.2810,   1441.2563,    804.2281,   -619.7870,   1131.5302,    382.7646,    312.4524,    438.1565,     14.0272,      0.0000,      2.3464,      0.0229,      0.0464,      0.0553,    277.4906,   5754.1318,    427.3604,    236.0372,    368.8395,     74.2777,   4130.9658,    319.1844,      5.5498,     16.4379,      7.1227,      5.9003,      1.2295,      3.9127,    211.2755,     26.5987,      0.0111,      5.9455,
     4,  2001,   2745.7910,     91.8651,   1510.8297,    842.6819,   -680.2120,    946.5953,    404.6934,    328.0786,    247.0839,     14.8771,      0.0000,      2.3400,      0.0175,      0.0461,      0.1532,    289.6771,   6250.4546,    458.9517,    225.5463,    398.9603,     76.5137,   4217.0015,    321.6388,      5.7935,     17.8559,      7.6492,      5.6380,      1.3299,      3.5412,    211.7841,     26.8032,      0.0141,      5.8480,
     5,  2002,   2270.5688,     94.8108,   1239.3960,    868.0182,   -372.4224,   1092.1993,    382.9335,    284.6907,    388.7274,     12.8557,      0.0000,      2.3400,      0.0145,      0.0326,      0.2240,    283.7731,   6562.8306,    398.0865,    219.1464,    424.1052,     75.6518,   4308.7329,    324.2742,      5.6755,     18.7472,      6.6348,      5.4714,      1.4137,      3.0493,    214.7495,     27.0228,      0.0048,      5.7774,
     6,  2003,   2647.2607,    112.6657,   1447.4631,    856.3513,   -590.1772,   1345.7749,    357.0734,    303.1859,    688.8698,     12.6539,      0.0000,      2.3400,      0.0240,      0.0222,      1.8267,    289.0842,   7004.1201,    432.6824,    210.0568,    449.4605,     74.1309,   4389.2383,    326.9584,      5.7817,     20.0074,      7.2114,      5.1237,      1.4982,      2.8665,    216.9180,     27.2465,      0.0063,      4.1751,
     7,  2004,   2694.7656,    121.0091,   1476.4150,    893.0673,   -582.4294,    992.0981,    355.0992,    310.0148,    323.3672,     13.3630,      0.1398,      2.3464,      0.0088,      0.0219,      2.9303,    292.2730,   7432.7603,    448.0757,    214.4406,    474.6874,     76.8091,   4474.8623,    329.8213,      5.8455,     21.2336,      7.4679,      5.1333,      1.5823,      2.8636,    218.5957,     27.4851,      0.0054,      3.0718,
     8,  2005,   2572.0654,    126.5416,   1384.1119,    912.6193,   -475.6740,    934.3985,    363.9831,    314.3529,    252.8855,     13.2091,      0.5812,      2.3400,      0.0072,      0.0216,      3.0111,    281.5814,   7769.9224,    421.1107,    223.2841,    505.1222,     79.9421,   4571.1548,    332.8258,      5.6316,     22.1933,      7.0185,      5.4043,      1.6837,      2.9967,    220.5108,     27.7355,      0.0059,      2.9914,
     9,  2006,   2777.8606,    125.5298,   1494.5582,    910.5184,   -584.1444,   1101.7489,    401.5654,    337.3654,    365.0610,     13.0111,      0.5040,      2.3400,      0.0106,      0.0209,      4.3551,    294.7807,   8167.3965,    444.1519,    220.4269,    538.8314,     81.4454,   4668.0225,    335.9098,      5.8956,     23.3289,      7.4025,      5.3503,      1.7961,      3.0029,    222.5551,     27.9924,      0.0045,      1.6480,
    10,  2007,   2254.8628,    117.4529,   1193.4401,    846.9249,   -339.2464,    800.6030,    423.6958,    282.5786,    188.9741,     11.5382,      0.7465,      2.3400,      0.0053,      0.0200,      4.5857,    260.1301,   8386.1787,    419.2161,    244.7916,    565.8583,     87.9373,   4765.9209,    338.8249,      5.2026,     23.9559,      6.9869,      6.0479,      1.8862,      3.2412,    225.0483,     28.2354,      0.0084,      1.4177,
    11,  1998,   2510.2068,    121.3610,   1267.1860,    935.1879,   -324.7982,   1209.1770,    395.5893,    312.0761,    455.6446,     13.2491,      0.4004,      2.3400,      0.0143,      0.0212,      4.4835,    283.1131,   8592.7432,    398.4382,    223.8017,    590.1010,     82.9466,   4870.4795,    342.1842,      5.6623,     24.5439,      6.6406,      5.4742,      1.9670,      3.0301,    227.3696,     28.5153,      0.0057,      1.5211,
    12,  1999,   2669.0615,    122.2111,   1356.9501,    939.1146,   -430.4624,   1363.0037,    432.1375,    335.7043,    548.4761,     13.1873,      0.5093,      2.3400,      0.0148,      0.0220,      4.4842,    292.9449,   8866.6270,    412.6585,    205.8749,    606.3258,     79.8748,   4966.5269,    345.6578,      5.8589,     25.3263,      6.8776,      5.0915,      2.0211,      2.9436,    229.0804,     28.8048,      0.0061,      1.5210,
    13,  2000,   2604.4399,    123.8589,   1392.1558,    928.5423,   -446.0903,   1131.5302,    385.6759,    317.2354,    431.5282,     12.6081,      1.0800,      2.3464,      0.0124,      0.0212,      4.3495,    281.7266,   9162.2734,    410.9375,    227.0090,    633.8952,     83.0472,   5057.9258,    349.1483,      5.6345,     26.1691,      6.8490,      5.5539,      2.1130,      3.0877,    230.7512,     29.0957,      0.0052,      1.6563,
    14,  2001,   2745.2583,    125.0625,   1406.4236,    959.4701,   -459.4635,    946.5953,    406.2018,    331.4799,    243.5219,     12.9981,      1.0417,      2.3400,      0.0087,      0.0219,      4.4496,    293.2364,   9448.4307,    433.4603,    214.1033,    652.3588,     84.1018,   5156.8481,    352.8204,      5.8647,     26.9886,      7.2243,      5.2678,      2.1745,      3.0209,    232.7553,     29.4017,      0.0065,      1.5570,
    15,  2002,   2272.9912,    119.7710,   1159.4438,    975.4808,   -184.7924,   1092.1993,    384.4224,    285.9440,    383.5132,     13.2278,      0.2612,      2.3400,      0.0115,      0.0228,      3.2524,    286.7470,   9578.2383,    375.4191,    209.3860,    662.0662,     82.5325,   5255.4805,    356.6347,      5.7349,     27.3594,      6.2570,      5.2320,      2.2069,      3.0531,    234.5061,     29.7195,      0.0031,      2.7546,
    16,  2003,   2650.9304,    112.9814,   1426.9541,    968.6592,   -458.8063,   1345.7749,    358.2816,    305.1182,    685.7540,     13.0706,      0.0000,      2.3400,      0.0245,      0.0230,      4.2823,    291.5303,   9875.6787,    421.4642,    206.3362,    673.5887,     81.5504,   5341.3887,    360.5220,      5.8306,     28.2092,      7.0244,      5.0831,      2.2453,      2.9544,    235.9893,     30.0435,      0.0065,      1.7253,
    17,  2004,   2694.8904,    121.6364,   1416.2202,   1006.9213,   -408.5844,    992.0981,    355.8727,    311.5450,    321.0241,     13.8585,      0.2336,      2.3464,      0.0091,      0.0230,      4.3096,    294.3701,  10145.0342,    433.7961,    210.1637,    684.8559,     83.7002,   5430.5430,    364.5935,      5.8874,     28.9771,      7.2299,      5.0906,      2.2828,      2.9453,    237.1526,     30.3828,      0.0056,      1.6984,
    18,  2005,   2571.2910,    122.7132,   1321.9258,   1015.8015,   -309.6428,    934.3985,    364.3538,    315.5420,    251.3124,     13.5852,      0.3423,      2.3400,      0.0073,      0.0225,      3.7535,    283.1363,  10329.2744,    405.7988,    220.0081,    704.5021,     86.5845,   5525.8799,    368.7307,      5.6627,     29.5012,      6.7633,      5.4147,      2.3483,      3.0928,    238.5259,     30.7275,      0.0063,      2.2552,
    19,  2006,   2779.9097,    125.1945,   1457.2380,   1011.9713,   -446.2430,   1101.7489,    402.2779,    338.4947,    363.2302,     13.4433,      0.4420,      2.3400,      0.0109,      0.0217,      4.4302,    296.3435,  10592.6553,    432.3604,    217.4718,    729.7813,     88.1358,   5620.3770,    372.9078,      5.9269,     30.2553,      7.2060,      5.3442,      2.4326,      3.0909,    240.1353,     31.0756,      0.0047,      1.5791,
    20,  2007,   2255.7346,    114.1338,   1178.5919,    936.0615,   -236.2015,    800.6030,    424.4443,    282.8162,    188.5658,     11.9199,      0.3925,      2.3400,      0.0055,      0.0207,      4.5065,    260.3750,  10710.6279,    412.5701,    244.0990,    749.5828,     95.0538,   5715.7373,    376.7649,      5.2075,     30.5911,      6.8762,      6.0891,      2.4986,      3.3423,    242.2419,     31.3970,      0.0087,      1.5034,
    21,  1998,   2522.7368,    117.9381,   1273.4036,   1039.8024,   -226.8309,   1209.1770,    396.5589,    312.5107,    454.4127,     13.7810,      0.0171,      2.3400,      0.0151,      0.0220,      4.3348,    284.1487,  10817.9600,    397.1414,    224.5091,    766.0045,     90.4176,   5818.3257,    381.1792,      5.6830,     30.9014,      6.6190,      5.5288,      2.5533,      3.1379,    244.2067,     31.7649,      0.0059,      1.6761,
    22,  1999,   2670.6318,    119.3295,   1360.6469,   1046.8359,   -326.2330,   1363.0037,    432.8086,    336.6467,    546.1108,     13.7892,      0.1044,      2.3400,      0.0153,      0.0228,      4.1842,    294.1538,  10997.2705,    412.2634,    206.6599,    773.2802,     87.3050,   5911.8472,    385.6957,      5.8831,     31.4138,      6.8711,      5.1421,      2.5776,      3.0517,    245.5705,     32.1413,      0.0061,      1.8272,
    23,  2000,   2606.1736,    121.2990,   1384.6227,   1029.9941,   -336.5251,   1131.5302,    386.2626,    318.2086,    430.2048,     13.1589,      0.7155,      2.3464,      0.0127,      0.0220,      3.8069,    282.6736,  11195.0166,    409.1182,    227.3334,    794.9536,     90.1001,   5998.5488,    390.1711,      5.6535,     31.9826,      6.8186,      5.6017,      2.6498,      3.1929,    246.8857,     32.5142,      0.0054,      2.2049,
    24,  2001,   2752.1191,    119.3356,   1452.7565,   1064.1157,   -402.6972,    946.5953,    406.9961,    332.3127,    242.2605,     13.6341,      0.2822,      2.3400,      0.0090,      0.0225,      4.4236,    294.1532,  11420.3184,    440.5472,    217.6588,    806.5797,     92.0040,   6093.0010,    394.8046,      5.8831,     32.6252,      7.3425,      5.3682,      2.6886,      3.1416,    248.5527,     32.9003,      0.0067,      1.5886,
    25,  2002,   2273.7283,    120.2600,   1159.0035,   1078.8652,    -80.5639,   1092.1993,    384.9282,    286.2879,    382.0498,     13.8336,      0.1449,      2.3400,      0.0119,      0.0236,      2.7417,    287.5671,  11466.8057,    376.9995,    211.1091,    808.3620,     89.8089,   6186.4126,    399.5731,      5.7513,     32.7575,      6.2833,      5.2750,      2.6945,      3.1774,    250.0354,     33.2977,      0.0042,      3.2708,
    26,  2003,   2652.1265,    114.4699,   1418.9454,   1067.2427,   -352.0659,   1345.7749,    358.6655,    305.7788,    684.7180,     13.6156,      0.0000,      2.3400,      0.0253,      0.0238,      3.1643,    292.2413,  11678.2754,    419.9508,    206.5896,    812.5297,     88.1525,   6263.9482,    404.3669,      5.8448,     33.3599,      6.9992,      5.1194,      2.7084,      3.0514,    251.1985,     33.6972,      0.0067,      2.8485,
    27,  2004,   2698.0674,    123.2906,   1449.7467,   1106.1993,   -343.2649,    992.0981,    356.2961,    311.9921,    320.1428,     14.4915,      0.0714,      2.3464,      0.0093,      0.0236,      3.0052,    295.0527,  11888.3721,    438.1592,    212.7057,    816.8598,     90.7769,   6343.4976,    409.3266,      5.9011,     33.9552,      7.3027,      5.1650,      2.7228,      3.0509,    251.9910,     34.1105,      0.0049,      3.0081,
    28,  2005,   2570.7471,    124.0369,   1361.0052,   1114.8008,   -249.9890,    934.3985,    364.4442,    316.0255,    250.7335,     14.2324,      0.1638,      2.3400,      0.0075,      0.0231,      2.3099,    283.6824,  12019.0146,    413.0799,    223.9785,    832.0753,     93.8234,   6430.4106,    414.3036,      5.6736,     34.3333,      6.8847,      5.5266,      2.7736,      3.2117,    253.0566,     34.5253,      0.0062,      3.7038,
    29,  2006,   2781.0112,    124.4788,   1472.6237,   1107.4613,   -366.3747,   1101.7489,    402.6461,    339.1496,    362.2126,     14.0635,      0.1189,      2.3400,      0.0112,      0.0223,      2.8264,    296.9783,  12219.0371,    436.6856,    220.2033,    854.1630,     95.0056,   6516.0742,    419.2675,      5.9396,     34.9058,      7.2781,      5.4303,      2.8472,      3.2000,    254.3843,     34.9389,      0.0048,      3.1877,
    30,  2007,   2256.0168,    115.2088,   1199.7288,   1017.3961,   -175.4528,    800.6030,    424.7706,    282.9346,    188.3914,     12.4367,      0.2358,      2.3400,      0.0056,      0.0211,      2.7159,    260.3757,  12286.8564,    417.7747,    247.0717,    871.0277,    101.9064,   6602.9331,    423.7828,      5.2075,     35.0971,      6.9629,      6.1734,      2.9034,      3.4525,    256.2443,     35.3152,      0.0088,      3.2985,
    31,  1998,   2549.6477,    122.5927,   1358.7096,   1136.8232,   -216.1512,   1209.1770,    398.1356,    312.7142,    452.7659,     14.4877,      0.0000,      2.3400,      0.0155,      0.0223,      2.5731,    284.4673,  12375.7002,    412.5173,    231.7507,    884.7358,     98.4011,   6697.8633,    428.9046,      5.6893,     35.3499,      6.8753,      5.6958,      2.9491,      3.2726,    257.9426,     35.7420,      0.0061,      3.4417,
    32,  1999,   2671.4417,    123.2883,   1403.7513,   1148.1083,   -267.5398,   1363.0037,    433.1743,    337.1633,    544.8260,     14.5386,      0.0619,      2.3400,      0.0157,      0.0233,      2.0822,    294.6653,  12512.7441,    423.1668,    212.2431,    888.3254,     94.7530,   6784.8789,    434.1421,      5.8933,     35.7444,      7.0528,      5.2835,      2.9611,      3.1778,    259.0878,     36.1785,      0.0064,      3.9331,
    33,  2000,   2607.1394,    121.0989,   1381.5967,   1119.3290,   -243.5691,   1131.5302,    386.6058,    318.7732,    429.4010,     13.7342,      0.5124,      2.3464,      0.0131,      0.0226,      1.3099,    283.0801,  12644.6768,    411.3482,    229.4290,    907.5064,     96.3511,   6861.8662,    439.2602,      5.6616,     36.1144,      6.8558,      5.6802,      3.0250,      3.2959,    260.1749,     36.6050,      0.0055,      4.7060,
    34,  2001,   2752.7615,    118.3565,   1455.5129,   1146.8563,   -322.4550,    946.5953,    407.2293,    332.7674,    241.7414,     14.1391,      0.0381,      2.3400,      0.0093,      0.0231,      1.6942,    294.5942,  12808.6729,    441.3869,    218.6256,    914.8463,     97.8792,   6944.0200,    444.5026,      5.8919,     36.5885,      7.3564,      5.4115,      3.0495,      3.2280,    261.5809,     37.0418,      0.0068,      4.3222,
    35,  2002,   2274.0459,    117.7269,   1196.2899,   1161.4694,    -35.4740,   1092.1993,    385.1502,    286.4458,    381.3956,     14.1262,      0.0557,      2.3400,      0.0128,      0.0248,      0.1236,    287.9498,  12818.2939,    383.5156,    214.4649,    911.7078,     96.0505,   7024.8281,    449.8246,      5.7590,     36.6162,      6.3919,      5.3585,      3.0390,      3.3328,    262.9522,     37.4853,      0.0043,      5.8931,
    36,  2003,   2652.9224,    108.1740,   1418.8621,   1149.5361,   -269.5673,   1345.7749,    358.9135,    306.2370,    684.0148,     13.6862,      0.0000,      2.3400,      0.0264,      0.0261,      0.4770,    292.5656,  12970.9121,    421.7253,    208.4406,    911.2875,     93.7292,   7089.2993,    455.1569,      5.8513,     37.0515,      7.0288,      5.1988,      3.0376,      3.1692,    264.2935,     37.9297,      0.0069,      5.5402,
    37,  2004,   2698.4282,    115.2082,   1449.9950,   1183.7234,   -265.9460,    992.0981,    356.4366,    312.2348,    319.7543,     14.5651,      0.0000,      2.3464,      0.0108,      0.0259,      0.3207,    295.3629,  13124.8066,    438.8450,    214.4471,    910.7001,     95.8810,   7153.5205,    460.6097,      5.9073,     37.4906,      7.3141,      5.2591,      3.0356,      3.1703,    265.1396,     38.3841,      0.0055,      5.6971,
    38,  2005,   2570.5713,    105.5739,   1367.1549,   1186.8094,   -184.3279,    934.3985,    364.4913,    316.2195,    250.4904,     13.7075,      0.0120,      2.3400,      0.0079,      0.0274,      0.3537,    283.9195,  13206.8955,    415.1578,    227.2084,    922.3150,     98.5976,   7224.6294,    466.0140,      5.6784,     37.7224,      6.9193,      5.6778,      3.0744,      3.4363,    266.7058,     38.8345,      0.0065,      5.6646,
    39,  2006,   2781.4199,    121.0306,   1470.4990,   1178.5081,   -293.2219,   1101.7489,    402.7843,    339.3893,    361.8389,     14.4357,      0.0000,      2.3400,      0.0117,      0.0234,      0.6015,    297.2509,  13354.0166,    436.7939,    221.9834,    941.7267,     99.8102,   7295.2637,    471.3698,      5.9450,     38.1490,      7.2799,      5.5358,      3.1391,      3.3095,    267.9562,     39.2808,      0.0050,      5.4174,
    40,  2007,   2256.4392,    107.1292,   1201.0621,   1077.3922,   -116.8739,    800.6030,    425.0233,    283.0019,    188.3249,     12.4657,      0.0000,      2.3400,      0.0057,      0.0235,      0.7188,    260.8080,  13378.1855,    418.4235,    248.3526,    955.9938,    106.8836,   7368.6338,    476.1897,      5.2162,     38.2212,      6.9737,      6.2063,      3.1866,      3.6035,    269.9279,     39.6824,      0.0091,      5.3003,
    41,  1998,   2549.7683,    115.2798,   1359.4110,   1202.1564,   -151.4589,   1209.1770,    398.2474,    312.9048,    452.3671,     14.4865,      0.0000,      2.3400,      0.0160,      0.0246,      0.5813,    284.5547,  13422.6143,    413.1348,    233.3558,    966.5900,    102.9508,   7448.4277,    481.6283,      5.6911,     38.3427,      6.8856,      5.7910,      3.2219,      3.4130,    271.6870,     40.1357,      0.0063,      5.4379,
    42,  1999,   2671.6208,    110.3849,   1407.6638,   1213.3119,   -206.4392,   1363.0037,    433.2465,    337.2815,    544.4758,     14.1971,      0.0228,      2.3400,      0.0186,      0.0278,      0.5067,    294.8930,  13515.3896,    424.4958,    213.8648,    966.3385,     99.2678,   7519.8569,    487.1420,      5.8979,     38.6120,      7.0749,      5.3435,      3.2211,      3.3451,    273.3145,     40.5951,      0.0067,      5.5127,
    43,  2000,   2607.4792,    106.0931,   1386.8948,   1181.7546,   -186.4271,   1131.5302,    386.7210,    318.9673,    429.1403,     13.6903,      0.0000,      2.3464,      0.0138,      0.0254,      0.3352,    283.2642,  13606.9580,    412.9985,    231.4385,    983.0948,    100.7298,   7581.6641,    492.5001,      5.6653,     38.8707,      6.8833,      5.7852,      3.2770,      3.4441,    274.5534,     41.0416,      0.0057,      5.6845,
    44,  2001,   2753.0410,    111.6913,   1456.1340,   1208.6136,   -261.5080,    946.5953,    407.3285,    332.9585,    241.5299,     14.2124,      0.0000,      2.3400,      0.0097,      0.0257,      0.6916,    294.7882,  13729.5469,    442.0843,    219.8129,    987.1476,    102.2174,   7648.7876,    497.9279,      5.8958,     39.2192,      7.3681,      5.4772,      3.2905,      3.3560,    276.0652,     41.4939,      0.0070,      5.3285,
    45,  2002,   2274.2554,     96.6779,   1205.8687,   1221.1395,     14.3022,   1092.1993,    385.2624,    286.5465,    381.0522,     13.3047,      0.0000,      2.3400,      0.0137,      0.0319,      0.0788,    288.1314,  13705.2402,    386.3346,    215.6152,    980.2422,    100.4652,   7714.0723,    503.4149,      5.7626,     39.1482,      6.4389,      5.3878,      3.2674,      3.5456,    278.3356,     41.9512,      0.0045,      5.9416,
    46,  2003,   2653.3569,    103.7386,   1419.2281,   1209.3981,   -209.8207,   1345.7749,    359.0424,    306.4866,    683.6381,     13.7999,      0.0000,      2.3400,      0.0277,      0.0290,      0.3229,    292.7166,  13821.0518,    422.5836,    209.1245,    976.5071,     97.9289,   7763.0508,    508.8852,      5.8543,     39.4790,      7.0431,      5.2205,      3.2550,      3.2951,    279.7979,     42.4070,      0.0071,      5.6980,
    47,  2004,   2698.5942,    107.6407,   1451.6677,   1241.1626,   -210.2213,    992.0981,    356.4982,    312.3429,    319.5830,     14.5288,      0.0000,      2.3464,      0.0121,      0.0294,      0.2181,    295.5162,  13939.0146,    439.5667,    215.4380,    972.5392,     99.7460,   7810.8481,    514.4423,      5.9103,     39.8119,      7.3261,      5.3214,      3.2418,      3.2952,    280.7568,     42.8701,      0.0050,      5.8034,
    48,  2005,   2570.5991,     99.8858,   1367.8302,   1241.2751,   -130.3897,    934.3985,    364.5267,    316.2764,    250.3980,     13.6831,      0.0060,      2.3400,      0.0083,      0.0312,      0.2890,    284.0321,  13986.5381,    415.7233,    227.6036,    981.7241,    102.5087,   7866.0688,    519.9041,      5.6806,     39.9449,      6.9287,      5.6881,      3.2724,      3.5839,    282.4832,     43.3253,      0.0069,      5.7330,
    49,  2006,   2781.6919,    114.4645,   1471.6353,   1230.0563,   -242.9046,   1101.7489,    402.8759,    339.5554,    361.5822,     14.4898,      0.0000,      2.3400,      0.0122,      0.0260,      0.4944,    297.3868,  14100.4746,    437.3130,    222.8041,    999.3118,    103.5145,   7921.0396,    525.2625,      5.9477,     40.2758,      7.2886,      5.5630,      3.3310,      3.4496,    283.7799,     43.7718,      0.0051,      5.5283,
    50,  2007,   2256.6914,    102.4326,   1201.7981,   1121.7977,    -73.4253,    800.6030,    425.1998,    283.0423,    188.2966,     12.4878,      0.0000,      2.3400,      0.0059,      0.0263,      0.6014,    261.0264,  14096.1416,    419.0034,    248.9102,   1011.8675,    110.6401,   7980.9766,    530.0751,      5.2205,     40.2622,      6.9834,      6.2217,      3.3729,      3.7527,    285.8195,     44.1729,      0.0094,      5.4219,
    51,  1998,   2549.8225,    109.4404,   1360.7183,   1250.6008,   -104.2176,   1209.1770,    398.3006,    312.9932,    452.1058,     14.4791,      0.0000,      2.3400,      0.0166,      0.0277,      0.4807,    284.5663,  14109.3330,    413.7447,    234.0878,   1020.4116,    106.4402,   8045.9102,    535.4736,      5.6913,     40.3012,      6.8957,      5.8393,      3.4013,      3.5507,    287.6595,     44.6227,      0.0065,      5.5433,
    52,  1999,   2671.7092,    105.3500,   1408.5200,   1261.5626,   -158.9603,   1363.0037,    433.2783,    337.3421,    544.3169,     14.2305,      0.0000,      2.3400,      0.0199,      0.0312,      0.4055,    295.0124,  14174.4297,    424.9444,    214.2788,   1017.6232,    102.7447,   8102.2710,    540.9228,      5.9002,     40.4861,      7.0824,      5.3535,      3.3920,      3.4786,    289.3942,     45.0769,      0.0067,      5.6191,
    53,  2000,   2607.6060,    100.4015,   1388.2502,   1227.2996,   -142.3422,   1131.5302,    386.7636,    319.0413,    429.0495,     13.7036,      0.0000,      2.3464,      0.0149,      0.0286,      0.2322,    283.3586,  14236.6318,    413.5606,    231.8188,   1032.7096,    104.0850,   8149.4497,    546.1622,      5.6672,     40.6644,      6.8927,      5.7949,      3.4423,      3.5868,    290.7233,     45.5135,      0.0059,      5.7930,
    54,  2001,   2753.1926,    107.2032,   1456.8037,   1253.2247,   -217.4000,    946.5953,    407.3863,    333.0746,    241.3997,     14.2754,      0.0000,      2.3400,      0.0101,      0.0284,      0.5324,    294.8895,  14332.1934,    442.3556,    220.2663,   1034.5734,    105.4367,   8202.1436,    551.4769,      5.8978,     40.9413,      7.3726,      5.5060,      3.4485,      3.4712,    292.2795,     45.9564,      0.0078,      5.4933,
    55,  2002,   2274.3386,     91.1275,   1207.4225,   1264.3508,     55.7126,   1092.1993,    385.3055,    286.5851,    380.9010,     13.1937,      0.0000,      2.3400,      0.0144,      0.0359,      0.0441,    288.2227,  14283.1338,    386.8840,    215.8623,   1025.0929,    103.6263,   8252.8242,    556.8160,      5.7645,     40.7999,      6.4481,      5.3941,      3.4169,      3.6957,    294.7380,     46.4013,      0.0034,      5.9819,
    56,  2003,   2653.6201,     99.5414,   1420.1696,   1252.0231,   -167.9437,   1345.7749,    359.1203,    306.6417,    683.4066,     13.8966,      0.0000,      2.3400,      0.0288,      0.0320,      0.2009,    292.7955,  14374.2988,    422.9619,    209.5100,   1019.0950,    100.9463,   8287.1377,    562.1249,      5.8559,     41.0620,      7.0494,      5.2314,      3.3969,      3.4248,    296.2205,     46.8437,      0.0074,      5.8256,
    57,  2004,   2698.6775,    100.8701,   1453.8041,   1282.7382,   -170.8994,    992.0981,    356.5226,    312.3890,    319.5103,     14.4616,      0.0000,      2.3464,      0.0130,      0.0331,      0.1814,    295.5991,  14469.5352,    440.2596,    216.2547,   1012.8942,    102.5198,   8320.0947,    567.4641,      5.9120,     41.3310,      7.3377,      5.3834,      3.3763,      3.4276,    297.2932,     47.2886,      0.0058,      5.8454,
    58,  2005,   2570.7488,     95.1816,   1369.0388,   1281.0511,    -91.7924,    934.3985,    364.5597,    316.2735,    250.3668,     13.7199,      0.0000,      2.3400,      0.0087,      0.0344,      0.2300,    284.0909,  14493.6084,    416.2255,    227.9098,   1020.4631,    105.3853,   8361.0918,    572.6949,      5.6818,     41.3995,      6.9371,      5.6959,      3.4015,      3.7270,    299.1211,     47.7245,      0.0071,      5.7972,
    59,  2006,   2781.7788,    107.9565,   1473.6448,   1267.7494,   -207.3750,   1101.7489,    402.9080,    339.5999,    361.5065,     14.5354,      0.0000,      2.3400,      0.0128,      0.0288,      0.4072,    297.4635,  14588.5898,    437.9754,    223.1726,   1036.8446,    106.2945,   8402.5361,    577.8199,      5.9493,     41.6696,      7.2996,      5.5727,      3.4561,      3.5896,    300.4613,     48.1516,      0.0053,      5.6206,
    60,  2007,   2256.7542,     98.4352,   1203.0229,   1154.1488,    -42.1930,    800.6030,    425.2402,    283.0504,    188.2846,     12.5288,      0.0000,      2.3400,      0.0062,      0.0290,      0.4826,    261.0122,  14566.4492,    419.6218,    249.2786,   1048.3575,    113.3805,   8450.7764,    582.3984,      5.2202,     41.6042,      6.9937,      6.2314,      3.4945,      3.8961,    302.5352,     48.5331,      0.0107,      5.5457,
    61,  1998,   2549.7742,    104.0742,   1362.6200,   1285.8010,    -71.0789,   1209.1770,    398.3010,    312.9980,    452.0867,     14.4811,      0.0000,      2.3400,      0.0171,      0.0310,      0.3736,    284.5316,  14561.4805,    414.3603,    234.6196,   1055.6124,    109.0193,   8502.8291,    587.5052,      5.6906,     41.5876,      6.9060,      5.8649,      3.5187,      3.6884,    304.4661,     48.9587,      0.0071,      5.6554,
    62,  1999,   2671.7886,    101.4628,   1409.6676,   1296.6490,   -125.0693,   1363.0037,    433.3128,    337.4011,    544.2000,     14.2321,      0.0000,      2.3400,      0.0215,      0.0351,      0.3073,    295.0813,  14608.5146,    425.3304,    214.5444,   1051.2281,    105.3034,   8546.4150,    592.6548,      5.9016,     41.7187,      7.0888,      5.3607,      3.5041,      3.6153,    306.3051,     49.3878,      0.0069,      5.7225,
    63,  2000,   2607.7629,     94.9643,   1390.4568,   1260.3517,   -111.2134,   1131.5302,    386.8177,    319.1321,    428.9201,     13.7123,      0.0000,      2.3464,      0.0172,      0.0320,      0.1444,    283.4119,  14652.7568,    414.2185,    232.1998,   1065.3162,    106.5539,   8581.1025,    597.5765,      5.6682,     41.8488,      6.9036,      5.8044,      3.5510,      3.7277,    307.7145,     49.7980,      0.0062,      5.8864,
    64,  2001,   2753.2302,    103.4765,   1457.6719,   1285.6476,   -185.9352,    946.5953,    407.4037,    333.1001,    241.3762,     14.3413,      0.0000,      2.3400,      0.0107,      0.0314,      0.3855,    294.9464,  14731.3262,    442.6872,    220.7480,   1065.8809,    107.7745,   8621.7686,    602.5485,      5.8989,     42.0691,      7.3781,      5.5181,      3.5529,      3.5989,    309.3056,     50.2123,      0.0081,      5.6462,
    65,  2002,   2274.3882,     85.0920,   1209.7941,   1295.9016,     84.7512,   1092.1993,    385.3466,    286.6086,    380.8000,     13.0835,      0.0000,      2.3400,      0.0151,      0.0397,      0.0283,    288.2807,  14666.8516,    387.5836,    216.1662,   1054.7861,    105.9624,   8660.5645,    607.5438,      5.7656,     41.8899,      6.4597,      5.4018,      3.5159,      3.8525,    311.9342,     50.6286,      0.0035,      6.0041,
    66,  2003,   2653.6506,     95.2957,   1421.5735,   1283.0685,   -138.4175,   1345.7749,    359.1339,    306.6498,    683.3847,     13.9904,      0.0000,      2.3400,      0.0309,      0.0352,      0.1020,    292.8370,  14741.8311,    423.4777,    209.9910,   1047.3455,    103.1506,   8682.9287,    612.4641,      5.8567,     42.0990,      7.0580,      5.2443,      3.4911,      3.5614,    313.4295,     51.0386,      0.0075,      5.9312,
    67,  2004,   2698.7620,     95.1533,   1456.0100,   1313.2000,   -142.6437,    992.0981,    356.5610,    312.4518,    319.4086,     14.4353,      0.0000,      2.3464,      0.0139,      0.0366,      0.1278,    295.6449,  14822.8623,    440.9127,    216.9791,   1039.6980,    104.5621,   8703.8350,    617.3929,      5.9129,     42.3320,      7.3485,      5.4163,      3.4656,      3.5668,    314.6025,     51.4494,      0.0060,      5.9063,
    68,  2005,   2570.5684,     91.0416,   1370.3843,   1310.0979,    -63.9166,    934.3985,    364.5520,    316.3522,    250.2952,     13.7380,      0.0000,      2.3400,      0.0090,      0.0379,      0.1709,    284.1174,  14832.0098,    416.7397,    228.2136,   1046.2306,    107.5004,   8733.6758,    622.2191,      5.6823,     42.3609,      6.9457,      5.7037,      3.4874,      3.8730,    316.5186,     51.8515,      0.0074,      5.8640,
    69,  2006,   2781.9565,    103.1765,   1475.4672,   1295.2672,   -181.5945,   1101.7489,    402.9660,    339.7104,    361.3385,     14.5739,      0.0000,      2.3400,      0.0135,      0.0320,      0.3262,    297.5090,  14912.2080,    438.5483,    223.4828,   1061.8306,    108.3390,   8763.9033,    626.9368,      5.9502,     42.5937,      7.3091,      5.5809,      3.5394,      3.7319,    317.9118,     52.2447,      0.0054,      5.7094,
    70,  2007,   2256.8091,     94.1830,   1204.6558,   1177.7159,    -20.3807,    800.6030,    425.2637,    283.0550,    188.2728,     12.5545,      0.0000,      2.3400,      0.0063,      0.0318,      0.3892,    261.0384,  14878.1582,    420.2706,    249.6064,   1072.5913,    115.3766,   8802.6172,    631.1511,      5.2208,     42.4956,      7.0045,      6.2396,      3.5753,      4.0397,    320.0264,     52.5958,      0.0106,      5.6469,
    71,  1998,   2549.7568,     99.5663,   1364.6034,   1311.4854,    -47.1721,   1209.1770,    398.3164,    313.0364,    452.0680,     14.5198,      0.0000,      2.3400,      0.0177,      0.0341,      0.2576,    284.4570,  14859.9160,    415.0395,    234.9887,   1079.0145,    110.9627,   8844.5303,    635.8309,      5.6891,     42.4437,      6.9173,      5.8741,      3.5967,      3.8245,    322.0155,     52.9859,      0.0074,      5.7793,
    72,  1999,   2671.8347,     97.1662,   1411.2115,   1322.1949,   -101.0305,   1363.0037,    433.3342,    337.4405,    544.0878,     14.2219,      0.0000,      2.3400,      0.0230,      0.0387,      0.2169,    295.1221,  14893.4131,    425.8413,    214.8184,   1073.5253,    107.1810,   8877.9189,    640.5320,      5.9024,     42.5408,      7.0974,      5.3682,      3.5784,      3.7525,    323.9508,     53.3776,      0.0072,      5.8208,
    73,  2000,   2607.8926,     90.0391,   1392.6117,   1284.4219,    -89.1378,   1131.5302,    386.8641,    319.2064,    428.8083,     13.6945,      0.0000,      2.3464,      0.0183,      0.0353,      0.0903,    283.4434,  14928.3027,    414.8403,    232.5905,   1086.9636,    108.3542,   8903.0176,    645.0343,      5.6689,     42.6376,      6.9140,      5.8142,      3.6232,      3.8771,    325.4431,     53.7528,      0.0064,      5.9481,
    74,  2001,   2753.3662,     99.0423,   1459.5043,   1309.3047,   -164.0548,    946.5953,    407.4504,    333.2047,    241.2467,     14.4458,      0.0000,      2.3400,      0.0111,      0.0343,      0.2434,    294.9785,  14997.5352,    443.2520,    221.1355,   1086.6144,    109.5288,   8934.1436,    649.5477,      5.8996,     42.8275,      7.3875,      5.5278,      3.6220,      3.7264,    327.0339,     54.1289,      0.0085,      5.7957,
    75,  2002,   2274.4229,     79.6747,   1212.2052,   1318.8768,    105.3341,   1092.1993,    385.3874,    286.6317,    380.7030,     12.9716,      0.0000,      2.3400,      0.0159,      0.0432,      0.0192,    288.3168,  14923.5684,    388.3012,    216.4883,   1074.5070,    107.6819,   8963.5352,    654.0624,      5.7663,     42.6210,      6.4717,      5.4101,      3.5817,      4.0134,    329.8277,     54.5051,      0.0036,      6.0206,
    76,  2003,   2653.8267,     90.7222,   1423.6865,   1305.7277,   -117.6870,   1345.7749,    359.1821,    306.7583,    683.2280,     14.0378,      0.0000,      2.3400,      0.0324,      0.0386,      0.0640,    292.8658,  14989.8203,    424.2148,    210.3913,   1066.1525,    104.7931,   8976.6221,    658.4919,      5.8573,     42.8030,      7.0702,      5.2555,      3.5538,      3.7158,    331.3582,     54.8743,      0.0078,      5.9768,
    77,  2004,   2698.7949,     90.6613,   1457.8733,   1335.4510,   -122.4870,    992.0981,    356.5684,    312.4610,    319.3932,     14.4757,      0.0000,      2.3464,      0.0149,      0.0401,      0.0633,    295.6698,  15060.5498,    441.5371,    217.3958,   1057.6121,    106.1274,   8988.1602,    662.9283,      5.9134,     43.0066,      7.3590,      5.4277,      3.5253,      3.7099,    332.5831,     55.2440,      0.0062,      5.9785,
    78,  2005,   2570.2183,     87.2831,   1371.7693,   1331.1359,    -44.4173,    934.3985,    364.5250,    316.4740,    250.1998,     13.7464,      0.0000,      2.3400,      0.0096,      0.0415,      0.1101,    284.1250,  15060.8682,    417.1573,    228.4804,   1063.5364,    109.0481,   9009.0635,    667.2540,      5.6825,     43.0080,      6.9526,      5.7106,      3.5451,      4.0223,    334.5688,     55.6044,      0.0076,      5.9327,
    79,  2006,   2781.9863,     99.2676,   1477.1035,   1315.2250,   -163.1600,   1101.7489,    402.9770,    339.7204,    361.3170,     14.6225,      0.0000,      2.3400,      0.0141,      0.0352,      0.2307,    297.5349,  15132.8506,    439.0192,    223.7304,   1078.6719,    109.8352,   9030.9307,    671.4778,      5.9507,     43.2138,      7.3170,      5.5877,      3.5955,      3.8704,    335.9964,     55.9564,      0.0056,      5.8132,
    80,  2007,   2256.8389,     90.6223,   1206.2484,   1194.7463,     -4.8428,    800.6030,    425.3122,    283.0763,    188.2577,     12.5724,      0.0000,      2.3400,      0.0068,      0.0345,      0.2907,    261.0439,  15091.4717,    420.8573,    249.9088,   1089.0277,    116.8522,   9062.5439,    675.2482,      5.2209,     43.0939,      7.0143,      6.2471,      3.6301,      4.1798,    338.1591,     56.2706,      0.0111,      5.7541,
    81,  1998,   2549.7832,     95.2528,   1366.3962,   1330.2559,    -30.2663,   1209.1770,    398.3251,    313.0517,    451.9866,     14.5298,      0.0000,      2.3400,      0.0191,      0.0373,      0.1628,    284.4095,  15065.3359,    415.5758,    235.3051,   1094.8903,    112.3724,   9096.5537,    679.4266,      5.6882,     43.0192,      6.9263,      5.8820,      3.6496,      3.9639,    340.2117,     56.6188,      0.0077,      5.8830,
    82,  1999,   2671.8928,     92.8848,   1413.0546,   1340.7855,    -84.3148,   1363.0037,    433.3624,    337.4830,    544.0188,     14.2278,      0.0000,      2.3400,      0.0245,      0.0421,      0.1335,    295.1484,  15091.1943,    426.4051,    215.0864,   1088.7303,    108.5592,   9122.2539,    683.6113,      5.9030,     43.0926,      7.1068,      5.3752,      3.6291,      3.8933,    342.2178,     56.9676,      0.0075,      5.9135,
    83,  2000,   2607.9841,     85.2694,   1394.7777,   1302.0021,    -73.8734,   1131.5302,    386.8978,    319.2582,    428.7285,     13.6703,      0.0000,      2.3464,      0.0196,      0.0386,      0.0494,    283.4627,  15118.7422,    415.4956,    232.9859,   1101.7683,    109.6730,   9139.8320,    687.6060,      5.6693,     43.1707,      6.9249,      5.8241,      3.6725,      4.0317,    343.7919,     57.3005,      0.0067,      5.9987,
    84,  2001,   2753.4231,     95.0433,   1461.3309,   1326.6569,   -148.4709,    946.5953,    407.4711,    333.2468,    241.1961,     14.5331,      0.0000,      2.3400,      0.0117,      0.0373,      0.1308,    294.9968,  15180.6748,    443.8247,    221.4644,   1100.7916,    110.8310,   9163.7363,    691.6092,      5.8999,     43.3467,      7.3971,      5.5360,      3.6693,      3.8614,    345.4008,     57.6340,      0.0089,      5.9186,
    85,  2002,   2274.4529,     75.0845,   1214.2255,   1335.6399,    119.9394,   1092.1993,    385.4198,    286.6480,    380.6364,     12.8809,      0.0000,      2.3400,      0.0168,      0.0469,      0.0148,    288.3448,  15100.2988,    388.9342,    216.7667,   1088.0240,    108.9423,   9185.9941,    695.6016,      5.7669,     43.1157,      6.4822,      5.4172,      3.6267,      4.1786,    348.3287,     57.9667,      0.0038,      6.0356,
    86,  2003,   2653.8984,     85.9188,   1425.9585,   1322.2577,   -103.4053,   1345.7749,    359.2045,    306.8003,    683.1639,     14.0674,      0.0000,      2.3400,      0.0343,      0.0421,      0.0493,    292.8892,  15159.9453,    424.9875,    210.7216,   1079.0770,    106.0018,   9191.9385,    699.4839,      5.8578,     43.2860,      7.0831,      5.2648,      3.5969,      3.8785,    349.9041,     58.2903,      0.0080,      6.0024,
    87,  2004,   2698.8281,     86.3219,   1459.9333,   1351.7811,   -108.0286,    992.0981,    356.5825,    312.4825,    319.3568,     14.5144,      0.0000,      2.3464,      0.0158,      0.0437,      0.0284,    295.6882,  15224.8721,    442.3212,    217.7628,   1069.9685,    107.2953,   9196.5742,    703.3810,      5.9138,     43.4717,      7.3720,      5.4373,      3.5665,      3.8642,    351.1815,     58.6150,      0.0064,      6.0248,
    88,  2005,   2570.2529,     83.8705,   1373.2095,   1346.6038,    -30.5006,    934.3985,    364.5336,    316.4782,    250.1870,     13.7736,      0.0000,      2.3400,      0.0100,      0.0451,      0.0601,    284.1358,  15218.6875,    417.7394,    228.7543,   1075.4796,    110.1855,   9210.9336,    707.1777,      5.6827,     43.4562,      6.9623,      5.7176,      3.5849,      4.1762,    353.2174,     58.9314,      0.0078,      5.9943,
    89,  2006,   2782.1138,     94.4616,   1479.4686,   1329.9451,   -150.7801,   1101.7489,    403.0173,    339.7964,    361.2014,     14.6406,      0.0000,      2.3400,      0.0157,      0.0386,      0.1829,    297.5479,  15284.2129,    439.7334,    224.0502,   1090.3098,    110.9515,   9226.5205,    710.8685,      5.9510,     43.6418,      7.3289,      5.5959,      3.6343,      4.0246,    354.6985,     59.2390,      0.0058,      5.8728,
    90,  2007,   2256.8623,     87.5881,   1207.6687,   1207.4114,      6.3524,    800.6030,    425.3359,    283.0838,    188.2523,     12.6425,      0.0000,      2.3400,      0.0069,      0.0372,      0.1850,    261.0442,  15237.9727,    421.4523,    250.1982,   1100.3862,    117.9475,   9252.9902,    714.1835,      5.2209,     43.5124,      7.0242,      6.2544,      3.6679,      4.3202,    356.8710,     59.5152,      0.0116,      5.8716,
    91,  1998,   2549.8169,     91.4129,   1368.2455,   1344.0579,    -18.3298,   1209.1770,    398.3526,    313.1155,    451.9284,     14.5434,      0.0000,      2.3400,      0.0199,      0.0406,      0.0583,    284.3214,  15206.5312,    416.0955,    235.6198,   1105.8824,    113.4325,   9281.2471,    717.8404,      5.6864,     43.4306,      6.9349,      5.8899,      3.6862,      4.1037,    358.9850,     59.8200,      0.0080,      5.9993,
    92,  1999,   2671.9187,     87.9963,   1415.3970,   1354.4852,    -72.9471,   1363.0037,    433.3741,    337.5037,    543.9274,     14.2218,      0.0000,      2.3400,      0.0268,      0.0456,      0.0564,    295.1651,  15227.1387,    427.0468,    215.3765,   1099.2640,    109.5863,   9301.1094,    721.4967,      5.9033,     43.4934,      7.1174,      5.3827,      3.6642,      4.0381,    361.0664,     60.1247,      0.0078,      6.0018,
    93,  2000,   2608.0469,     80.7779,   1397.0610,   1314.9885,    -63.1046,   1131.5302,    386.9220,    319.2961,    428.6704,     13.6490,      0.0000,      2.3464,      0.0209,      0.0419,      0.0125,    283.4753,  15249.1572,    416.1804,    233.3262,   1111.9596,    110.6636,   9313.1533,    724.9771,      5.6695,     43.5560,      6.9363,      5.8326,      3.7065,      4.1903,    362.7171,     60.4147,      0.0070,      6.0464,
    94,  2001,   2753.4072,     91.7613,   1463.0674,   1339.3838,   -137.1827,    946.5953,    407.4679,    333.2373,    241.2128,     14.6252,      0.0000,      2.3400,      0.0121,      0.0404,      0.0156,    295.0056,  15305.1719,    444.3647,    221.7799,   1110.5952,    111.7925,   9331.7402,    728.4532,      5.9001,     43.7146,      7.4061,      5.5439,      3.7019,      3.9975,    364.3279,     60.7044,      0.0092,      6.0438,
    95,  2002,   2274.4797,     70.5777,   1216.2401,   1347.9469,    129.8093,   1092.1993,    385.4539,    286.6632,    380.5789,     12.7859,      0.0000,      2.3400,      0.0178,      0.0506,      0.0113,    288.3657,  15220.3301,    389.5141,    217.0275,   1097.3267,    109.8748,   9348.8506,    731.9193,      5.7673,     43.4738,      6.4919,      5.4239,      3.6577,      4.3476,    367.3923,     60.9932,      0.0039,      6.0486,
    96,  2003,   2653.9409,     81.4797,   1428.1642,   1334.3680,    -93.5056,   1345.7749,    359.2180,    306.8227,    683.1276,     14.0986,      0.0000,      2.3400,      0.0358,      0.0458,      0.0328,    292.9040,  15274.4229,    425.7234,    211.0142,   1087.9548,    106.8945,   9349.6426,    735.2745,      5.8581,     43.6271,      7.0954,      5.2732,      3.6265,      4.0423,    369.0048,     61.2728,      0.0083,      6.0277,
    97,  2004,   2698.8560,     81.5701,   1462.3170,   1363.7588,    -98.4061,    992.0981,    356.5964,    312.5053,    319.3196,     14.5256,      0.0000,      2.3464,      0.0169,      0.0474,      0.0211,    295.7046,  15336.6533,    443.1484,    218.1100,   1078.3462,    108.1616,   9349.0967,    738.6340,      5.9141,     43.8043,      7.3858,      5.4469,      3.5945,      4.0316,    370.3354,     61.5528,      0.0066,      6.0399,
    98,  2005,   2570.3596,     80.4555,   1375.0330,   1357.9987,    -20.9842,    934.3985,    364.5475,    316.4561,    250.1953,     13.8144,      0.0000,      2.3400,      0.0105,      0.0488,      0.0254,    284.1441,  15327.9785,    418.3813,    229.0586,   1083.5778,    111.0267,   9358.6318,    741.9064,      5.6829,     43.7765,      6.9730,      5.7255,      3.6119,      4.3363,    372.4031,     61.8255,      0.0081,      6.0363,
    99,  2006,   2782.2065,     90.3914,   1481.7065,   1340.7974,   -142.0818,   1101.7489,    403.0487,    339.8556,    361.1107,     14.6783,      0.0000,      2.3400,      0.0164,      0.0420,      0.1274,    297.5538,  15390.7891,    440.3553,    224.3557,   1098.2922,    111.7784,   9369.6377,    745.0851,      5.9511,     43.9568,      7.3393,      5.6033,      3.6609,      4.1778,    373.9238,     62.0904,      0.0043,      5.9351,
   100,  2007,   2256.8806,     84.1178,   1209.4309,   1216.7246,     13.9858,    800.6030,    425.3645,    283.0945,    188.2416,     12.6551,      0.0000,      2.3400,      0.0071,      0.0400,      0.1329,    261.0819,  15341.0947,    422.1063,    250.4926,   1108.2179,    118.7615,   9392.2197,    747.9493,      5.2216,     43.8142,      7.0351,      6.2617,      3.6940,      4.4771,    376.1446,     62.3290,      0.0121,      5.9302,
   101,  1998,   2549.8494,     87.7236,   1369.9556,   1354.2814,     -9.9839,   1209.1770,    398.3694,    313.1505,    451.8706,     14.5631,      0.0000,      2.3400,      0.0210,      0.0437,      0.0000,    284.2634,  15307.2314,    416.6486,    235.9346,   1113.5317,    114.2146,   9416.2139,    751.1172,      5.6853,     43.7155,      6.9441,      5.8978,      3.7117,      4.2637,    378.2995,     62.5931,      0.0084,      6.0638,
   102,  1999,   2671.8508,     84.0486,   1417.2299,   1364.5891,    -64.7170,   1363.0037,    433.3371,    337.4596,    543.9859,     14.2098,      0.0000,      2.3400,      0.0286,      0.0493,      0.0248,    295.1770,  15325.1484,    427.6379,    215.6216,   1106.6743,    110.3402,   9431.8750,    754.2656,      5.9035,     43.7650,      7.1273,      5.3891,      3.6889,      4.1986,    380.4478,     62.8554,      0.0080,      6.0399,
   103,  2000,   2608.0925,     76.6983,   1399.0372,   1324.5845,    -55.5732,   1131.5302,    386.9404,    319.3235,    428.6284,     13.6390,      0.0000,      2.3464,      0.0224,      0.0454,      0.0075,    283.4909,  15345.5762,    416.8105,    233.6095,   1119.2587,    111.4018,   9439.9629,    757.2537,      5.6698,     43.8207,      6.9468,      5.8397,      3.7308,      4.3606,    382.1580,     63.1044,      0.0073,      6.0582,
   104,  2001,   2753.5083,     87.4901,   1465.0110,   1348.8884,   -129.9333,    946.5953,    407.5042,    333.3227,    241.1042,     14.6530,      0.0000,      2.3400,      0.0125,      0.0438,      0.0000,    295.0303,  15399.4580,    445.0215,    222.0874,   1117.6825,    112.5106,   9454.6025,    760.2413,      5.9006,     43.9741,      7.4170,      5.5516,      3.7256,      4.1728,    383.7988,     63.3534,      0.0096,      6.0667,
   105,  2002,   2274.4939,     67.0424,   1218.1439,   1357.2151,    137.6462,   1092.1993,    385.4771,    286.6733,    380.5298,     12.7906,      0.0000,      2.3400,      0.0187,      0.0542,      0.0086,    288.3825,  15312.3467,    390.2070,    217.3156,   1104.1775,    110.5827,   9468.0215,    763.2154,      5.7676,     43.7217,      6.5035,      5.4313,      3.6806,      4.5189,    386.9263,     63.6012,      0.0040,      6.0590,
   106,  2003,   2653.9919,     77.1786,   1430.3597,   1343.5529,    -86.5987,   1345.7749,    359.2320,    306.8526,    683.0848,     14.1203,      0.0000,      2.3400,      0.0373,      0.0495,      0.0263,    292.9197,  15365.5684,    426.4764,    211.3052,   1094.6218,    107.5752,   9464.9170,    766.0712,      5.8584,     43.8714,      7.1079,      5.2816,      3.6487,      4.2119,    388.5719,     63.8392,      0.0086,      6.0426,
   107,  2004,   2698.8884,     77.4326,   1464.5121,   1372.8965,    -91.4034,    992.0981,    356.6136,    312.5327,    319.2747,     14.5417,      0.0000,      2.3464,      0.0179,      0.0511,      0.0168,    295.7169,  15424.2744,    443.8962,    218.4130,   1084.8037,    108.8284,   9460.8613,    768.9236,      5.9143,     44.0418,      7.3983,      5.4552,      3.6160,      4.2025,    389.9523,     64.0769,      0.0061,      6.0535,
   108,  2005,   2570.1868,     77.0518,   1376.7123,   1366.6753,    -13.6769,    934.3985,    364.5353,    316.5139,    250.1508,     13.8488,      0.0000,      2.3400,      0.0108,      0.0525,      0.0039,    284.1531,  15411.7480,    419.0828,    229.3570,   1089.8927,    111.6775,   9467.0303,    771.7111,      5.6831,     44.0070,      6.9847,      5.7331,      3.6329,      4.5013,    392.0552,     64.3092,      0.0084,      6.0677,
   109,  2006,   2782.1399,     86.4223,   1483.6025,   1349.0823,   -135.8758,   1101.7489,    403.0291,    339.8089,    361.1777,     14.7125,      0.0000,      2.3400,      0.0173,      0.0455,      0.0865,    297.5588,  15471.0381,    441.0294,    224.6442,   1104.4280,    112.4096,   9474.7578,    774.4169,      5.9512,     44.1811,      7.3505,      5.6102,      3.6814,      4.3359,    393.6062,     64.5347,      0.0044,      5.9864,
   110,  2007,   2256.8870,     81.4103,   1210.9043,   1223.7744,     19.6881,    800.6030,    425.3968,    283.1093,    188.2346,     12.6774,      0.0000,      2.3400,      0.0078,      0.0430,      0.0834,    261.0838,  15419.7969,    422.6995,    250.7845,   1114.2352,    119.3908,   9494.5723,    776.8647,      5.2217,     44.0344,      7.0450,      6.2690,      3.7141,      4.6358,    395.8536,     64.7386,      0.0126,      5.9903,
   111,  1998,   2549.8647,     82.9432,   1372.2217,   1362.0586,     -4.7378,   1209.1770,    398.3816,    313.1737,    451.8167,     14.5337,      0.0000,      2.3400,      0.0218,      0.0471,      0.0000,    284.3264,  15383.7666,    417.3725,    236.2570,   1119.3928,    114.8072,   9515.5840,    779.5845,      5.6865,     43.9288,      6.9562,      5.9058,      3.7313,      4.4388,    398.0762,     64.9653,      0.0087,      6.0748,
   112,  1999,   2671.9443,     80.5384,   1419.1600,   1372.4135,    -58.6046,   1363.0037,    433.3842,    337.5173,    543.8588,     14.2482,      0.0000,      2.3400,      0.0304,      0.0530,      0.0028,    295.1863,  15399.0391,    428.3221,    215.9090,   1112.3114,    110.9278,   9528.2705,    782.2671,      5.9037,     43.9736,      7.1387,      5.3964,      3.7077,      4.3643,    400.2549,     65.1889,      0.0081,      6.0730,
   113,  2000,   2608.1279,     72.8321,   1400.8888,   1331.9703,    -50.2329,   1131.5302,    386.9533,    319.3447,    428.5957,     13.6374,      0.0000,      2.3464,      0.0237,      0.0489,      0.0027,    283.5038,  15415.3857,    417.4626,    233.8990,   1124.7670,    111.9700,   9533.5137,    784.8085,      5.6701,     44.0233,      6.9577,      5.8469,      3.7492,      4.5331,    402.0176,     65.4007,      0.0077,      6.0742,
   114,  2001,   2753.5393,     83.0141,   1467.1577,   1356.1064,   -125.1445,    946.5953,    407.5139,    333.3460,    241.0758,     14.6662,      0.0000,      2.3400,      0.0130,      0.0471,      0.0000,    295.0471,  15465.8770,    445.7543,    222.4086,   1122.9873,    113.0525,   9545.4814,    787.3586,      5.9009,     44.1735,      7.4292,      5.5596,      3.7433,      4.3491,    403.6968,     65.6132,      0.0100,      6.0778,
   115,  2002,   2274.5068,     63.7204,   1220.0023,   1364.3033,    142.9412,   1092.1993,    385.4946,    286.6801,    380.4981,     12.8055,      0.0000,      2.3400,      0.0196,      0.0577,      0.0078,    288.3955,  15376.8857,    390.7963,    217.5825,   1109.2347,    111.1266,   9556.2139,    789.8863,      5.7679,     43.9197,      6.5133,      5.4381,      3.6974,      4.6931,    406.8642,     65.8238,      0.0056,      6.0707,
   116,  2003,   2654.1443,     73.3232,   1432.5450,   1350.5216,    -81.5856,   1345.7749,    359.2747,    306.9508,    682.9446,     14.1417,      0.0000,      2.3400,      0.0389,      0.0533,      0.0237,    292.9331,  15427.2695,    427.2163,    211.5815,   1099.3536,    108.0961,   9550.6348,    792.2853,      5.8587,     44.0677,      7.1203,      5.2889,      3.6645,      4.3855,    408.5487,     66.0237,      0.0095,      6.0555,
   117,  2004,   2698.9094,     73.4202,   1466.6073,   1379.7880,    -86.8605,    992.0981,    356.6224,    312.5446,    319.2525,     14.5575,      0.0000,      2.3464,      0.0191,      0.0549,      0.0140,    295.7270,  15484.5986,    444.5546,    218.6881,   1089.3362,    109.3332,   9543.7158,    794.6915,      5.9145,     44.2300,      7.4092,      5.4626,      3.6311,      4.3762,    409.9653,     66.2242,      0.0063,      6.0658,
   118,  2005,   2570.0310,     73.6305,   1378.5132,   1373.1777,     -8.8991,    934.3985,    364.5237,    316.5687,    250.1075,     13.8623,      0.0000,      2.3400,      0.0113,      0.0563,      0.0027,    284.1645,  15471.1562,    419.6587,    229.6174,   1094.2819,    112.1690,   9547.4141,    797.0469,      5.6833,     44.1923,      6.9943,      5.7399,      3.6476,      4.6775,    412.1058,     66.4205,      0.0086,      6.0776,
   119,  2006,   2782.1616,     82.5955,   1485.7205,   1355.2924,   -131.6744,   1101.7489,    403.0372,    339.8189,    361.1604,     14.7725,      0.0000,      2.3400,      0.0182,      0.0488,      0.0425,    297.5587,  15530.4092,    441.6949,    224.9255,   1108.7982,    112.8930,   9552.8564,    799.3315,      5.9512,     44.3564,      7.3616,      5.6175,      3.6960,      4.4945,    413.6637,     66.6109,      0.0060,      6.0383,
   120,  2007,   2256.9233,     78.5588,   1212.4860,   1229.1753,     23.5133,    800.6030,    425.4283,    283.1221,    188.2238,     12.6983,      0.0000,      2.3400,      0.0086,      0.0459,      0.0329,    261.1189,  15477.3867,    423.2918,    251.0752,   1118.5714,    119.8749,   9570.6250,    801.4091,      5.2224,     44.2104,      7.0549,      6.2763,      3.7285,      4.7943,    415.9314,     66.7840,      0.0131,      6.0484,
   121,  1998,   2549.9207,     78.1475,   1374.6982,   1367.9906,     -1.3178,   1209.1770,    398.4184,    313.2465,    451.7432,     14.5057,      0.0000,      2.3400,      0.0226,      0.0506,      0.0000,    284.3805,  15439.7021,    418.1391,    236.6149,   1123.6926,    115.2709,   9589.4922,    803.7140,      5.6876,     44.1084,      6.9690,      5.9148,      3.7456,      4.6159,    418.2198,     66.9761,      0.0091,      6.0817,
   122,  1999,   2671.9956,     76.8621,   1421.2319,   1378.4692,    -54.4651,   1363.0037,    433.4062,    337.5400,    543.7462,     14.2650,      0.0000,      2.3400,      0.0321,      0.0566,      0.0026,    295.1941,  15453.6045,    429.0365,    216.2032,   1116.4437,    111.3865,   9600.1113,    805.9810,      5.9039,     44.1522,      7.1506,      5.4041,      3.7214,      4.5413,    420.4361,     67.1650,      0.0084,      6.0794,
   123,  2000,   2608.1631,     69.3713,   1402.7721,   1337.6871,    -46.2479,   1131.5302,    386.9672,    319.3663,    428.5627,     13.6529,      0.0000,      2.3464,      0.0253,      0.0524,      0.0026,    283.5154,  15469.6406,    418.1030,    234.1851,   1128.8169,    112.4126,   9603.3682,    808.1265,      5.6703,     44.1965,      6.9684,      5.8540,      3.7627,      4.7086,    422.2269,     67.3438,      0.0080,      6.0795,
   124,  2001,   2753.5793,     78.7429,   1469.4581,   1361.7028,   -121.7494,    946.5953,    407.5299,    333.3832,    241.0291,     14.6855,      0.0000,      2.3400,      0.0135,      0.0506,      0.0000,    295.0599,  15520.3691,    446.5285,    222.7069,   1126.9375,    113.4825,   9613.5195,    810.2783,      5.9012,     44.3373,      7.4421,      5.5670,      3.7564,      4.5262,    423.9291,     67.5231,      0.0105,      6.0823,
   125,  2002,   2274.5188,     60.7843,   1221.5361,   1369.8193,    146.9158,   1092.1993,    385.5115,    286.6861,    380.4679,     12.8228,      0.0000,      2.3400,      0.0205,      0.0613,      0.0036,    288.4070,  15429.4316,    391.3909,    217.8421,   1113.0996,    111.5522,   9622.3340,    812.4078,      5.7681,     44.0850,      6.5232,      5.4446,      3.7103,      4.8681,    427.1331,     67.7006,      0.0038,      6.0789,
   126,  2003,   2654.1836,     69.7606,   1434.4150,   1355.9473,    -78.0492,   1345.7749,    359.2859,    306.9723,    682.9128,     14.1598,      0.0000,      2.3400,      0.0404,      0.0571,      0.0171,    292.9441,  15478.7236,    427.8744,    211.8236,   1103.1521,    108.5031,   9614.9326,    814.4211,      5.8589,     44.2261,      7.1312,      5.2950,      3.6771,      4.5588,    428.8407,     67.8684,      0.0094,      6.0653,
   127,  2004,   2698.9270,     69.6457,   1468.5638,   1385.2004,    -83.2842,    992.0981,    356.6323,    312.5593,    319.2281,     14.5714,      0.0000,      2.3464,      0.0201,      0.0587,      0.0115,    295.7386,  15535.8506,    445.2937,    218.9545,   1093.0411,    109.7322,   9606.2158,    816.4332,      5.9148,     44.3850,      7.4216,      5.4703,      3.6434,      4.5497,    430.2878,     68.0360,      0.0065,      6.0710,
   128,  2005,   2570.0869,     70.3111,   1380.2177,   1378.3912,     -5.4181,    934.3985,    364.5323,    316.5594,    250.1080,     13.8757,      0.0000,      2.3400,      0.0118,      0.0601,      0.0014,    284.1805,  15521.9443,    420.3125,    229.8833,   1097.9316,    112.5619,   9608.0928,    818.4088,      5.6836,     44.3419,      7.0052,      5.7465,      3.6597,      4.8540,    432.4570,     68.2007,      0.0091,      6.0812,
   129,  2006,   2782.1479,     79.7731,   1487.2769,   1360.2900,   -128.1633,   1101.7489,    403.0339,    339.8074,    361.1747,     14.8199,      0.0000,      2.3400,      0.0207,      0.0523,      0.0059,    297.5542,  15579.5869,    442.2401,    225.1727,   1112.4325,    113.2795,   9611.8115,    820.3201,      5.9511,     44.5047,      7.3707,      5.6238,      3.7081,      4.6583,    434.0245,     68.3599,      0.0042,      6.0770,
   130,  2007,   2256.9492,     75.2532,   1214.1938,   1233.5073,     25.9353,    800.6030,    425.4310,    283.1235,    188.2204,     12.7015,      0.0000,      2.3400,      0.0089,      0.0489,      0.0081,    261.1819,  15525.2510,    423.8919,    251.3114,   1122.1603,    120.2511,   9628.1377,    822.0738,      5.2236,     44.3513,      7.0649,      6.2822,      3.7405,      4.9613,    436.3262,     68.5061,      0.0136,      6.0751,
   131,  1998,   2549.9688,     74.0333,   1376.6925,   1372.7297,      1.0788,   1209.1770,    398.4331,    313.2637,    451.7064,     14.4974,      0.0000,      2.3400,      0.0234,      0.0540,      0.0000,    284.4565,  15487.2568,    418.8030,    236.8884,   1127.2236,    115.6332,   9645.4932,    824.0292,      5.6891,     44.2428,      6.9800,      5.9216,      3.7574,      4.7927,    438.6455,     68.6691,      0.0095,      6.0833,
   132,  1999,   2672.0557,     72.9956,   1423.2428,   1383.2727,    -51.7674,   1363.0037,    433.4371,    337.5741,    543.6865,     14.2811,      0.0000,      2.3400,      0.0338,      0.0602,      0.0024,    295.2005,  15500.9170,    429.7184,    216.4755,   1119.9135,    111.7538,   9654.5889,    825.9420,      5.9040,     44.2826,      7.1620,      5.4111,      3.7330,      4.7182,    440.8893,     68.8285,      0.0087,      6.0811,
   133,  2000,   2608.1919,     66.1209,   1404.4988,   1342.2843,    -43.3477,   1131.5302,    386.9770,    319.3822,    428.5377,     13.6698,      0.0000,      2.3464,      0.0266,      0.0559,      0.0000,    283.5255,  15516.6553,    418.7079,    234.4471,   1132.2898,    112.7717,   9656.4561,    827.7419,      5.6705,     44.3238,      6.9785,      5.8606,      3.7743,      4.8846,    442.7087,     68.9785,      0.0083,      6.0838,
   134,  2001,   2753.6130,     74.7519,   1471.5265,   1366.2252,   -119.3790,    946.5953,    407.5416,    333.4096,    240.9951,     14.7002,      0.0000,      2.3400,      0.0139,      0.0541,      0.0000,    295.0696,  15567.4277,    447.2425,    222.9751,   1130.3809,    113.8295,   9665.2334,    829.5443,      5.9014,     44.4641,      7.4540,      5.5737,      3.7679,      4.7041,    444.4430,     69.1286,      0.0109,      6.0843,
   135,  2002,   2274.5261,     58.1488,   1223.0297,   1374.2970,    150.1236,   1092.1993,    385.5242,    286.6903,    380.4446,     12.8353,      0.0000,      2.3400,      0.0215,      0.0649,      0.0040,    288.4179,  15475.7100,    391.9537,    218.0842,   1116.4880,    111.8994,   9672.5859,    831.3362,      5.7684,     44.2037,      6.5326,      5.4506,      3.7216,      5.0451,    447.6746,     69.2780,      0.0056,      6.0807,
   136,  2003,   2654.2070,     66.2604,   1436.2616,   1360.3652,    -75.5465,   1345.7749,    359.2936,    306.9868,    682.8914,     14.1795,      0.0000,      2.3400,      0.0420,      0.0609,      0.0128,    292.9556,  15524.8730,    428.4886,    212.0537,   1106.4437,    108.8346,   9663.7764,    833.0021,      5.8591,     44.3396,      7.1415,      5.3007,      3.6881,      4.7345,    449.4099,     69.4168,      0.0099,      6.0725,
   137,  2004,   2698.9788,     66.1878,   1470.5176,   1389.6381,    -80.8134,    992.0981,    356.6650,    312.6131,    319.1429,     14.5864,      0.0000,      2.3464,      0.0212,      0.0626,      0.0079,    295.7480,  15580.9375,    445.8787,    219.1975,   1096.2593,    110.0601,   9653.7275,    834.6667,      5.9150,     44.4986,      7.4313,      5.4775,      3.6542,      4.7252,    450.8806,     69.5555,      0.0068,      6.0782,
   138,  2005,   2570.1570,     66.8940,   1382.0620,   1382.6213,     -3.1400,    934.3985,    364.5439,    316.5449,    250.1107,     13.8869,      0.0000,      2.3400,      0.0123,      0.0638,      0.0000,    284.1953,  15565.1133,    420.8472,    230.1074,   1101.1349,    112.8811,   9654.4092,    836.3101,      5.6839,     44.4523,      7.0141,      5.7521,      3.6704,      5.0318,    453.0771,     69.6925,      0.0090,      6.0869,
   139,  2006,   2782.4255,     76.5292,   1489.3456,   1364.3926,   -125.7931,   1101.7489,    403.1191,    339.9851,    360.9113,     14.8426,      0.0000,      2.3400,      0.0217,      0.0558,      0.0011,    297.5610,  15621.3057,    442.8751,    225.4392,   1115.5795,    113.6031,   9656.9053,    837.9069,      5.9512,     44.6157,      7.3813,      5.6302,      3.7186,      4.8362,    454.6613,     69.8255,      0.0043,      6.0867,
   140,  2007,   2256.9771,     72.1213,   1215.8420,   1237.0449,     27.6758,    800.6030,    425.4565,    283.1332,    188.2144,     12.7199,      0.0000,      2.3400,      0.0093,      0.0519,      0.0000,    261.2458,  15567.2285,    424.5157,    251.5882,   1125.2629,    120.5721,   9672.2764,    839.3828,      5.2249,     44.4586,      7.0753,      6.2891,      3.7508,      5.1380,    456.9839,     69.9485,      0.0153,      6.0884,
   141,  1998,   2550.0244,     70.5323,   1378.5990,   1376.6565,      3.1793,   1209.1770,    398.4583,    313.3095,    451.6391,     14.5060,      0.0000,      2.3400,      0.0242,      0.0575,      0.0000,    284.5220,  15529.1094,    419.4582,    237.1609,   1130.2711,    115.9407,   9688.5547,    841.0277,      5.6904,     44.3456,      6.9910,      5.9284,      3.7675,      4.9711,    459.3321,     70.0856,      0.0098,      6.0892,
   142,  1999,   2672.1018,     69.3111,   1425.3331,   1387.2490,    -49.7182,   1363.0037,    433.4610,    337.5973,    543.6048,     14.2990,      0.0000,      2.3400,      0.0356,      0.0638,      0.0012,    295.2066,  15542.9238,    430.4075,    216.7468,   1122.9475,    112.0602,   9696.6621,    842.6299,      5.9041,     44.3811,      7.1735,      5.4181,      3.7431,      4.8957,    461.5990,     70.2191,      0.0090,      6.0890,
   143,  2000,   2608.2256,     62.9587,   1406.1857,   1346.1249,    -41.1504,   1131.5302,    386.9905,    319.4030,    428.5047,     13.6829,      0.0000,      2.3464,      0.0279,      0.0594,      0.0000,    283.5342,  15557.0439,    419.3065,    234.7076,   1135.3702,    113.0726,   9697.4834,    844.1387,      5.6707,     44.4212,      6.9884,      5.8671,      3.7845,      5.0630,    463.4414,     70.3448,      0.0086,      6.0913,
   144,  2001,   2753.6265,     70.9703,   1473.4089,   1369.9846,   -117.7216,    946.5953,    407.5489,    333.4265,    240.9740,     14.7158,      0.0000,      2.3400,      0.0144,      0.0576,      0.0000,    295.0781,  15605.7441,    447.9037,    223.2215,   1133.4480,    114.1189,   9705.2480,    845.6456,      5.9016,     44.5613,      7.4651,      5.5799,      3.7781,      4.8824,    465.1951,     70.4704,      0.0113,      6.0925,
   145,  2002,   2274.5374,     55.7605,   1224.3489,   1377.9895,    152.5573,   1092.1993,    385.5357,    286.6941,    380.4248,     12.8486,      0.0000,      2.3400,      0.0225,      0.0686,      0.0018,    288.4273,  15513.8340,    392.4545,    218.3017,   1119.3745,    112.1839,   9711.7549,    847.1432,      5.7685,     44.2966,      6.5409,      5.4564,      3.7312,      5.2237,    468.4509,     70.5952,      0.0041,      6.0917,
   146,  2003,   2654.2456,     63.2621,   1437.9280,   1363.9749,    -73.4646,   1345.7749,    359.3045,    307.0099,    682.8569,     14.2015,      0.0000,      2.3400,      0.0450,      0.0647,      0.0027,    292.9630,  15563.0605,    429.0570,    212.2642,   1109.2786,    109.1080,   9701.9551,    848.5217,      5.8593,     44.4318,      7.1510,      5.3060,      3.6976,      4.9077,    470.2008,     70.7101,      0.0104,      6.0921,
   147,  2004,   2698.9702,     62.7544,   1472.1968,   1393.2369,    -79.1555,    992.0981,    356.6564,    312.5954,    319.1688,     14.5916,      0.0000,      2.3464,      0.0223,      0.0664,      0.0058,    295.7566,  15617.6016,    446.4630,    219.4114,   1098.9729,    110.3266,   9691.0557,    849.8972,      5.9151,     44.5891,      7.4411,      5.4831,      3.6632,      4.9015,    471.7006,     70.8247,      0.0077,      6.0906,
   148,  2005,   2569.8965,     63.5874,   1383.7449,   1386.1097,     -1.1636,    934.3985,    364.5205,    316.6293,    250.0495,     13.9015,      0.0000,      2.3400,      0.0128,      0.0676,      0.0000,    284.2061,  15600.8555,    421.4239,    230.3595,   1103.8014,    113.1546,   9690.7949,    851.2598,      5.6841,     44.5425,      7.0237,      5.7584,      3.6793,      5.2106,    473.9163,     70.9383,      0.0096,      6.0978,
   149,  2006,   2782.3467,     73.1801,   1490.9591,   1367.7499,   -124.2964,   1101.7489,    403.0974,    339.9328,    360.9859,     14.8562,      0.0000,      2.3400,      0.0228,      0.0594,      0.0000,    297.5726,  15656.1904,    443.4480,    225.6590,   1118.2041,    113.8622,   9692.4668,    852.5867,      5.9515,     44.7044,      7.3908,      5.6362,      3.7273,      5.0147,    475.5182,     71.0488,      0.0051,      6.0992,
   150,  2007,   2256.9961,     69.0104,   1217.6527,   1239.8965,     28.8545,    800.6030,    425.4953,    283.1516,    188.2053,     12.7369,      0.0000,      2.3400,      0.0096,      0.0548,      0.0000,    261.3332,  15601.5312,    425.2012,    251.8796,   1127.8547,    120.8449,   9707.2461,    853.8301,      5.2267,     44.5463,      7.0867,      6.2964,      3.7595,      5.3182,    477.8506,     71.1525,      0.0159,      6.1002,
   151,  1998,   2550.0798,     67.2021,   1380.4103,   1379.9785,      4.7068,   1209.1770,    398.4850,    313.3525,    451.5512,     14.5211,      0.0000,      2.3400,      0.0250,      0.0610,      0.0000,    284.5857,  15563.0664,    420.1061,    237.4272,   1132.8445,    116.2036,   9722.8711,    855.2133,      5.6917,     44.4323,      7.0018,      5.9351,      3.7761,      5.1510,    480.2201,     71.2677,      0.0102,      6.1013,
   152,  1999,   2672.1577,     66.0672,   1427.0739,   1390.5780,    -48.1179,   1363.0037,    433.4886,    337.6267,    543.5210,     14.3122,      0.0000,      2.3400,      0.0374,      0.0674,      0.0019,    295.2122,  15577.0352,    431.0202,    216.9827,   1125.4225,    112.3137,   9730.2578,    856.5485,      5.9042,     44.4674,      7.1837,      5.4240,      3.7514,      5.0747,    482.5048,     71.3790,      0.0099,      6.1009,
   153,  2000,   2608.3108,     59.8302,   1407.8525,   1349.2954,    -39.7755,   1131.5302,    387.0233,    319.4564,    428.4189,     13.6980,      0.0000,      2.3464,      0.0293,      0.0629,      0.0000,    283.5416,  15589.7148,    419.8541,    234.9502,   1137.8008,    113.3227,   9730.4111,    857.8033,      5.6708,     44.5066,      6.9976,      5.8732,      3.7926,      5.2419,    484.3649,     71.4836,      0.0090,      6.1044,
   154,  2001,   2753.6023,     67.4773,   1475.2604,   1373.0609,   -116.5256,    946.5953,    407.5412,    333.4064,    240.9999,     14.7307,      0.0000,      2.3400,      0.0153,      0.0610,      0.0000,    295.0855,  15637.5996,    448.5307,    223.4495,   1135.7736,    114.3573,   9737.3662,    859.0693,      5.9017,     44.6460,      7.4755,      5.5856,      3.7859,      5.0614,    486.1369,     71.5891,      0.0118,      6.1060,
   155,  2002,   2274.5432,     45.4457,   1229.2777,   1381.0996,    150.0607,   1092.1993,    385.5613,    286.7033,    380.3925,     12.8929,      0.0000,      2.3400,      0.0379,      0.1016,      0.0000,    288.4822,  15547.4326,    393.9496,    218.7836,   1121.7203,    112.4607,   9743.2422,    860.3282,      5.7696,     44.3835,      6.5658,      5.4690,      3.7390,      7.5666,    487.1620,     71.6940,      0.0128,      6.1073,
   156,  2003,   2654.6001,     28.8510,   1456.6991,   1368.5636,    -88.3803,   1345.7749,    359.4043,    307.2167,    682.5492,     14.3585,      0.0000,      2.3400,      0.1051,      0.1820,      0.0000,    293.0455,  15604.7646,    433.9064,    213.9076,   1111.8054,    109.6171,   9733.2734,    861.4684,      5.8609,     44.5480,      7.2318,      5.3471,      3.7060,      8.5856,    487.2838,     71.7890,      0.0293,      6.1091,
   157,  2004,   2699.2219,     26.5238,   1492.7852,   1400.5137,    -91.9666,    992.0981,    356.8108,    312.8225,    318.7851,     14.7703,      0.0000,      2.3464,      0.0616,      0.2092,      0.0000,    295.8184,  15669.6152,    452.7037,    221.7034,   1101.8351,    111.0117,   9723.2373,    862.6066,      5.9164,     44.7364,      7.5451,      5.5420,      3.6727,      8.6982,    488.4358,     71.8839,      0.0200,      6.1108,
   158,  2005,   2569.6489,     26.1912,   1404.2577,   1394.5768,    -13.5151,    934.3985,    364.5246,    316.7610,    249.9146,     14.0686,      0.0000,      2.3400,      0.0323,      0.2108,      0.0000,    284.3465,  15662.8721,    427.8160,    232.9492,   1107.2297,    113.9340,   9724.2959,    863.7622,      5.6869,     44.7185,      7.1303,      5.8231,      3.6907,      9.3880,    490.0860,     71.9801,      0.0273,      6.1123,
   159,  2006,   2782.7866,     29.6570,   1515.0814,   1376.8575,   -140.2065,   1101.7489,    403.2490,    340.1907,    360.5764,     15.0573,      0.0000,      2.3400,      0.0620,      0.1888,      0.0000,    297.6776,  15731.2930,    450.9371,    228.5125,   1122.3276,    114.7286,   9727.5371,    864.8875,      5.9536,     44.9149,      7.5156,      5.7122,      3.7411,      8.8919,    491.7779,     72.0739,      0.0185,      6.1139,
   160,  2007,   2257.3313,     27.8347,   1240.8354,   1248.3929,     14.3790,    800.6030,    425.7633,    283.2808,    188.1194,     12.9577,      0.0000,      2.3400,      0.0227,      0.1708,      0.0000,    262.6672,  15685.7617,    433.7462,    255.1796,   1132.6836,    121.8155,   9744.1240,    865.9516,      5.2533,     44.7847,      7.2291,      6.3789,      3.7756,      9.3888,    493.7125,     72.1626,      0.0426,      6.1151,
   161,  1998,   2550.9111,     28.1822,   1403.0342,   1390.8671,     -6.5112,   1209.1770,    398.8595,    313.9855,    450.6208,     14.7060,      0.0000,      2.3400,      0.0586,      0.1932,      0.0000,    285.1912,  15656.3291,    427.9794,    240.6932,   1138.4617,    117.2242,   9762.0576,    867.1562,      5.7038,     44.7014,      7.1330,      6.0167,      3.7948,      9.1725,    495.9808,     72.2630,      0.0286,      6.1165,
   162,  1999,   2672.6565,     26.6525,   1449.2068,   1401.9689,    -58.8767,   1363.0037,    433.7459,    337.8947,    542.6039,     14.4929,      0.0000,      2.3400,      0.1044,      0.2100,      0.0000,    295.2400,  15678.3809,    438.4980,    219.8759,   1131.6628,    113.2838,   9771.9277,    868.3256,      5.9048,     44.7654,      7.3083,      5.4963,      3.7722,      9.0874,    498.0730,     72.3604,      0.0257,      6.1180,
   163,  2000,   2608.4824,     24.8907,   1427.6155,   1360.1853,    -48.2339,   1131.5302,    387.0928,    319.5547,    428.2561,     13.8597,      0.0000,      2.3464,      0.0769,      0.1974,      0.0000,    283.6040,  15699.5332,    426.3416,    237.8208,   1144.8101,    114.2830,   9774.2109,    869.4233,      5.6721,     44.8245,      7.1057,      5.9449,      3.8160,      9.3788,    499.6385,     72.4519,      0.0253,      6.1195,
   164,  2001,   2753.9504,     27.2887,   1497.6956,   1383.9457,   -128.2954,    946.5953,    407.6714,    333.7302,    240.5842,     14.9189,      0.0000,      2.3400,      0.0379,      0.1939,      0.0000,    295.1313,  15757.7598,    455.8982,    226.1198,   1143.3816,    115.3114,   9783.2725,    870.5232,      5.9026,     44.9917,      7.5983,      5.6524,      3.8112,      8.9475,    501.4795,     72.5436,      0.0328,      6.1211,
   165,  2002,   2274.6055,     23.9388,   1242.1912,   1391.9413,    148.9333,   1092.1993,    385.6977,    286.7287,    380.1881,     13.0023,      0.0000,      2.3400,      0.0613,      0.2225,      0.0000,    288.5113,  15669.4795,    398.8168,    221.0725,   1129.8280,    113.3839,   9791.3965,    871.6323,      5.7702,     44.7427,      6.6469,      5.5263,      3.7661,      9.8662,    504.0143,     72.6360,      0.0195,      6.1222,
   166,  2003,   2654.7771,     24.4541,   1459.6147,   1378.1306,    -81.2181,   1345.7749,    359.4538,    307.3289,    682.3879,     14.3843,      0.0000,      2.3400,      0.1265,      0.2160,      0.0000,    293.0654,  15724.0527,    435.9418,    214.9084,   1120.0948,    110.2679,   9782.8379,    872.6183,      5.8613,     44.9010,      7.2657,      5.3721,      3.7336,      9.1385,    505.9290,     72.7181,      0.0310,      6.1235,
   167,  2004,   2699.2385,     25.1241,   1493.3928,   1407.8899,    -85.2353,    992.0981,    356.8160,    312.8297,    318.7727,     14.7751,      0.0000,      2.3464,      0.0646,      0.2205,      0.0000,    295.8325,  15784.7354,    453.4081,    222.0669,   1110.1053,    111.5001,   9773.2080,    873.6007,      5.9167,     45.0709,      7.5568,      5.5510,      3.7003,      9.0502,    507.3340,     72.8000,      0.0211,      6.1249,
   168,  2005,   2569.6355,     24.8222,   1404.8524,   1400.7369,     -7.8267,    934.3985,    364.5256,    316.7714,    249.9027,     14.0733,      0.0000,      2.3400,      0.0336,      0.2208,      0.0000,    284.3587,  15772.6309,    428.1193,    233.1101,   1115.3594,    114.3645,   9774.2314,    874.6107,      5.6872,     45.0375,      7.1353,      5.8272,      3.7178,      9.7313,    509.0193,     72.8842,      0.0286,      6.1260,
   169,  2006,   2782.9163,     28.2362,   1515.7158,   1382.5543,   -134.9746,   1101.7489,    403.2896,    340.2753,    360.4512,     15.0637,      0.0000,      2.3400,      0.0647,      0.1979,      0.0000,    297.6912,  15835.0547,    451.1478,    228.6180,   1130.2584,    115.1401,   9777.3203,    875.5883,      5.9538,     45.2164,      7.5191,      5.7148,      3.7675,      9.2336,    510.7269,     72.9656,      0.0199,      6.1272,
   170,  2007,   2257.3535,     26.3644,   1241.3335,   1253.2865,     18.6356,    800.6030,    425.7612,    283.2780,    188.1152,     12.9614,      0.0000,      2.3400,      0.0235,      0.1787,      0.0000,    262.6987,  15786.0771,    433.9187,    255.2456,   1140.4147,    122.2105,   9793.5439,    876.5261,      5.2540,     45.0767,      7.2320,      6.3805,      3.8013,      9.7292,    512.7149,     73.0438,      0.0441,      6.1281,
   171,  1998,   2550.9233,     26.9374,   1403.5609,   1396.1267,     -1.6305,   1209.1770,    398.8811,    314.0279,    450.6150,     14.7112,      0.0000,      2.3400,      0.0605,      0.2023,      0.0000,    285.1979,  15753.7275,    428.1455,    240.7829,   1145.9408,    117.6165,   9811.2959,    877.5913,      5.7040,     44.9844,      7.1358,      6.0190,      3.8198,      9.5153,    515.0791,     73.1326,      0.0296,      6.1291,
   172,  1999,   2672.7100,     25.3938,   1449.7310,   1407.2897,    -53.9477,   1363.0037,    433.7711,    337.9279,    542.4960,     14.4982,      0.0000,      2.3400,      0.1091,      0.2196,      0.0000,    295.2513,  15773.3936,    438.6413,    219.9472,   1138.8557,    113.6640,   9820.5762,    878.6229,      5.9050,     45.0375,      7.3107,      5.4981,      3.7961,      9.4318,    517.2274,     73.2185,      0.0269,      6.1303,
   173,  2000,   2608.5054,     23.6731,   1428.0518,   1365.2352,    -43.6031,   1131.5302,    387.1017,    319.5693,    428.2353,     13.8634,      0.0000,      2.3464,      0.0802,      0.2067,      0.0000,    283.6137,  15789.0918,    426.4651,    237.8836,   1151.7518,    114.6514,   9822.3555,    879.5831,      5.6723,     45.0839,      7.1078,      5.9465,      3.8391,      9.7235,    518.8564,     73.2986,      0.0262,      6.1315,
   174,  2001,   2753.9031,     26.0136,   1498.0450,   1388.8765,   -123.8836,    946.5953,    407.6551,    333.6866,    240.6420,     14.9211,      0.0000,      2.3400,      0.0392,      0.2032,      0.0000,    295.1420,  15841.7910,    456.0037,    226.1629,   1150.0363,    115.6685,   9830.8799,    880.5504,      5.9028,     45.2349,      7.6001,      5.6534,      3.8334,      9.2927,    520.7534,     73.3792,      0.0340,      6.1328,
   175,  2002,   2274.5996,     22.8691,   1242.5109,   1396.7560,    153.3117,   1092.1993,    385.6794,    286.7322,    380.2022,     13.0041,      0.0000,      2.3400,      0.0638,      0.2324,      0.0000,    288.5207,  15750.5400,    398.9009,    221.1069,   1136.0898,    113.7244,   9838.3311,    881.5214,      5.7704,     44.9740,      6.6483,      5.5271,      3.7869,     10.2129,    523.3889,     73.4601,      0.0206,      6.1338,
   176,  2003,   2654.8647,     23.2668,   1460.1010,   1382.8650,    -76.9682,   1345.7749,    359.4790,    307.3847,    682.3071,     14.3893,      0.0000,      2.3400,      0.1313,      0.2261,      0.0000,    293.0749,  15801.3711,    436.0641,    214.9629,   1126.0425,    110.6048,   9829.1270,    882.3815,      5.8615,     45.1160,      7.2677,      5.3735,      3.7534,      9.4867,    525.3803,     73.5317,      0.0324,      6.1353,
   177,  2004,   2699.2498,     23.9698,   1493.8221,   1412.5710,    -81.0119,    992.0981,    356.8207,    312.8376,    318.7596,     14.7785,      0.0000,      2.3464,      0.0675,      0.2310,      0.0000,    295.8415,  15858.2129,    453.5209,    222.1189,   1115.7207,    111.8254,   9818.7510,    883.2286,      5.9168,     45.2807,      7.5587,      5.5523,      3.7190,      9.3979,    526.8620,     73.6024,      0.0223,      6.1367,
   178,  2005,   2569.6130,     23.5802,   1405.3481,   1405.1730,     -3.8552,    934.3985,    364.5256,    316.7826,    249.8914,     14.0776,      0.0000,      2.3400,      0.0349,      0.2310,      0.0000,    284.3666,  15843.7627,    428.2469,    233.1711,   1120.7621,    114.6841,   9819.1572,    884.1030,      5.6873,     45.2392,      7.1374,      5.8287,      3.7358,     10.0813,    528.6309,     73.6752,      0.0298,      6.1378,
   179,  2006,   2782.8513,     26.8215,   1516.2185,   1386.8239,   -131.2404,   1101.7489,    403.2700,    340.2298,    360.5159,     15.0672,      0.0000,      2.3400,      0.0676,      0.2073,      0.0000,    297.7007,  15904.7178,    451.2855,    228.6755,   1135.5562,    115.4533,   9821.5547,    884.9468,      5.9540,     45.4132,      7.5214,      5.7163,      3.7851,      9.5860,    530.4205,     73.7455,      0.0213,      6.1391,
   180,  2007,   2257.3547,     25.0385,   1241.9883,   1256.9308,     21.7677,    800.6030,    425.7834,    283.2887,    188.1117,     12.9683,      0.0000,      2.3400,      0.0244,      0.1868,      0.0000,    262.7194,  15853.1025,    434.1440,    255.3522,   1145.5795,    122.5298,   9837.1699,    885.7778,      5.2544,     45.2647,      7.2357,      6.3832,      3.8186,     10.0825,    532.4607,     73.8148,      0.0458,      6.1401,
   181,  1998,   2550.9348,     25.7353,   1404.0076,   1400.2728,      1.9289,   1209.1770,    398.8776,    314.0162,    450.5762,     14.7140,      0.0000,      2.3400,      0.0625,      0.2117,      0.0000,    285.2171,  15816.6387,    428.2916,    240.8458,   1150.8696,    117.9185,   9854.1992,    886.7178,      5.7043,     45.1608,      7.1382,      6.0205,      3.8362,      9.8700,    534.8341,     73.8931,      0.0307,      6.1414,
   182,  1999,   2672.6987,     24.1210,   1450.1976,   1411.3175,    -50.5306,   1363.0037,    433.7651,    337.9186,    542.5356,     14.5010,      0.0000,      2.3400,      0.1140,      0.2296,      0.0000,    295.2582,  15831.5625,    438.7668,    220.0020,   1143.5795,    113.9558,   9862.6738,    887.6106,      5.9052,     45.2045,      7.3128,      5.4994,      3.8119,      9.7848,    536.9859,     73.9675,      0.0281,      6.1426,
   183,  2000,   2608.5310,     22.4356,   1428.5415,   1369.0668,    -40.3554,   1131.5302,    387.1107,    319.5834,    428.2139,     13.8677,      0.0000,      2.3464,      0.0836,      0.2162,      0.0000,    283.6200,  15845.9658,    426.5953,    237.9463,   1156.3470,    114.9365,   9863.6445,    888.4517,      5.6724,     45.2458,      7.1099,      5.9481,      3.8545,     10.0770,    538.6225,     74.0376,      0.0271,      6.1438,
   184,  2001,   2753.9170,     24.7752,   1498.5753,   1392.6598,   -120.6317,    946.5953,    407.6602,    333.6972,    240.6289,     14.9257,      0.0000,      2.3400,      0.0405,      0.2126,      0.0000,    295.1490,  15897.2480,    456.1595,    226.2256,   1154.4241,    115.9484,   9871.4502,    889.3001,      5.9030,     45.3926,      7.6027,      5.6550,      3.8480,      9.6459,    540.5251,     74.1083,      0.0352,      6.1452,
   185,  2002,   2274.6067,     21.7304,   1243.0175,   1400.4512,    156.4937,   1092.1993,    385.6834,    286.7347,    380.1914,     13.0084,      0.0000,      2.3400,      0.0664,      0.2424,      0.0000,    288.5271,  15803.3799,    399.0480,    221.1749,   1140.2448,    113.9964,   9878.1719,    890.1442,      5.7705,     45.1224,      6.6508,      5.5288,      3.8008,     10.5669,    543.1715,     74.1786,      0.0218,      6.1462,
   186,  2003,   2654.8813,     22.2075,   1460.5591,   1386.5192,    -73.7925,   1345.7749,    359.4828,    307.3922,    682.2949,     14.3931,      0.0000,      2.3400,      0.1362,      0.2364,      0.0000,    293.0811,  15851.8125,    436.2012,    215.0224,   1129.9540,    110.8667,   9868.0947,    890.8896,      5.8616,     45.2620,      7.2700,      5.3750,      3.7665,      9.8392,    545.1570,     74.2408,      0.0337,      6.1476,
   187,  2004,   2699.2622,     22.8973,   1494.2977,   1416.1495,    -77.9058,    992.0981,    356.8254,    312.8455,    318.7477,     14.7826,      0.0000,      2.3464,      0.0704,      0.2416,      0.0000,    295.8478,  15907.7266,    453.6564,    222.1771,   1119.4229,    112.0787,   9856.8359,    891.6109,      5.9170,     45.4217,      7.5609,      5.5538,      3.7314,      9.7509,    546.6424,     74.3009,      0.0235,      6.1490,
   188,  2005,   2569.5991,     22.3839,   1405.8829,   1408.5699,     -0.9920,    934.3985,    364.5262,    316.7901,    249.8839,     14.0821,      0.0000,      2.3400,      0.0362,      0.2413,      0.0000,    284.3725,  15892.2773,    428.3885,    233.2351,   1124.3601,    114.9323,   9856.4287,    892.3615,      5.6874,     45.3762,      7.1398,      5.8303,      3.7478,     10.4349,    548.4116,     74.3634,      0.0310,      6.1503,
   189,  2006,   2782.9436,     25.5876,   1516.8206,   1390.1256,   -128.4788,   1101.7489,    403.2997,    340.2936,    360.4229,     15.0737,      0.0000,      2.3400,      0.0704,      0.2167,      0.0000,    297.7074,  15952.5400,    451.4735,    228.7542,   1139.1066,    115.7007,   9857.9316,    893.0895,      5.9541,     45.5467,      7.5246,      5.7182,      3.7970,      9.9385,    550.2007,     74.4241,      0.0227,      6.1518,
   190,  2007,   2257.3665,     24.0136,   1242.4092,   1259.8091,     24.1498,    800.6030,    425.7859,    283.2898,    188.1094,     12.9719,      0.0000,      2.3400,      0.0253,      0.1950,      0.0000,    262.7455,  15899.3369,    434.3044,    255.4159,   1149.0887,    122.7711,   9872.9150,    893.8210,      5.2549,     45.3913,      7.2384,      6.3848,      3.8303,     10.4353,    552.2496,     74.4850,      0.0474,      6.1530,
   191,  1998,   2550.9529,     24.6020,   1404.6177,   1403.3813,      4.5807,   1209.1770,    398.8965,    314.0544,    450.5635,     14.7199,      0.0000,      2.3400,      0.0644,      0.2211,      0.0000,    285.2206,  15862.0576,    428.4742,    240.9381,   1154.3110,    118.1615,   9889.2197,    894.6495,      5.7044,     45.2840,      7.1412,      6.0228,      3.8477,     10.2236,    554.6222,     74.5541,      0.0318,      6.1545,
   192,  1999,   2672.7087,     22.9650,   1450.7375,   1414.5023,    -47.8597,   1363.0037,    433.7695,    337.9254,    542.4801,     14.5059,      0.0000,      2.3400,      0.1187,      0.2395,      0.0000,    295.2637,  15876.2178,    438.9416,    220.0747,   1146.8916,    114.1893,   9897.0020,    895.4271,      5.9053,     45.3234,      7.3157,      5.5013,      3.8229,     10.1352,    556.7759,     74.6189,      0.0293,      6.1561,
   193,  2000,   2608.5344,     21.4102,   1428.9919,   1372.0913,    -37.7955,   1131.5302,    387.1122,    319.5853,    428.2115,     13.8714,      0.0000,      2.3464,      0.0870,      0.2257,      0.0000,    283.6251,  15889.6113,    426.7344,    238.0137,   1159.6050,    115.1635,   9897.3105,    896.1566,      5.6725,     45.3606,      7.1122,      5.9497,      3.8653,     10.4289,    558.4079,     74.6797,      0.0281,      6.1577,
   194,  2001,   2753.9224,     23.6056,   1499.1025,   1395.6304,   -118.1555,    946.5953,    407.6643,    333.7058,    240.6184,     14.9305,      0.0000,      2.3400,      0.0418,      0.2220,      0.0000,    295.1543,  15940.1680,    456.3277,    226.2902,   1157.5953,    116.1705,   9904.3672,    896.9037,      5.9031,     45.5042,      7.6055,      5.6566,      3.8586,      9.9990,    560.3030,     74.7419,      0.0365,      6.1596,
   195,  2002,   2274.6089,     20.7411,   1243.4568,   1403.3749,    158.9304,   1092.1993,    385.6804,    286.7364,    380.1890,     13.0119,      0.0000,      2.3400,      0.0689,      0.2524,      0.0000,    288.5320,  15844.6240,    399.1793,    221.2348,   1143.3241,    114.2120,   9910.3857,    897.6406,      5.7706,     45.2293,      6.6530,      5.5303,      3.8110,     10.9182,    562.9488,     74.8034,      0.0229,      6.1611,
   196,  2003,   2654.8105,     21.0345,   1461.0015,   1389.4094,    -71.4634,   1345.7749,    359.4658,    307.3464,    682.3581,     14.3962,      0.0000,      2.3400,      0.1410,      0.2467,      0.0000,    293.0858,  15892.0371,    436.3302,    215.0744,   1132.9458,    111.0755,   9899.6318,    898.2729,      5.8617,     45.3651,      7.2722,      5.3763,      3.7764,     10.1911,    564.9293,     74.8560,      0.0350,      6.1629,
   197,  2004,   2699.2476,     21.2578,   1495.0294,   1419.0319,    -75.8905,    992.0981,    356.8127,    312.8211,    318.7849,     14.7880,      0.0000,      2.3464,      0.0733,      0.2521,      0.0000,    295.8526,  15947.1514,    453.8463,    222.2519,   1122.3220,    112.2868,   9887.6748,    898.8819,      5.9171,     45.5213,      7.5641,      5.5557,      3.7410,     10.1012,    566.4111,     74.9068,      0.0246,      6.1649,
   198,  2005,   2569.7036,     21.2599,   1406.3882,   1411.3507,      1.1211,    934.3985,    364.5379,    316.7606,    249.9006,     14.0854,      0.0000,      2.3400,      0.0375,      0.2516,      0.0000,    284.3794,  15930.8945,    428.5410,    233.2968,   1127.1774,    115.1333,   9886.5889,    899.5311,      5.6876,     45.4723,      7.1423,      5.8318,      3.7572,     10.7866,    568.1797,     74.9609,      0.0323,      6.1668,
   199,  2006,   2782.8838,     24.5395,   1517.1711,   1392.7590,   -126.3476,   1101.7489,    403.2819,    340.2512,    360.4828,     15.0758,      0.0000,      2.3400,      0.0733,      0.2262,      0.0000,    297.7127,  15988.1816,    451.5862,    228.8014,   1141.8617,    115.8958,   9887.4365,    900.1555,      5.9543,     45.6390,      7.5264,      5.7194,      3.8062,     10.2894,    569.9747,     75.0129,      0.0241,      6.1689,
   200,  2007,   2257.3955,     22.9103,   1242.9097,   1262.1075,     25.8445,    800.6030,    425.7856,    283.2885,    188.1056,     12.9765,      0.0000,      2.3400,      0.0262,      0.2032,      0.0000,    262.7936,  15933.6738,    434.4561,    255.4674,   1151.7405,    122.9602,   9901.7578,    900.7903,      5.2559,     45.4818,      7.2409,      6.3861,      3.8391,     10.7856,    572.0237,     75.0658,      0.0490,      6.1704,
   201,  1998,   2550.9727,     23.4800,   1405.0924,   1405.9077,      6.4745,   1209.1770,    398.8966,    314.0453,    450.5509,     14.7225,      0.0000,      2.3400,      0.0664,      0.2304,      0.0000,    285.2384,  15895.5400,    428.6075,    240.9891,   1156.9543,    118.3489,   9917.3643,    901.5164,      5.7048,     45.3714,      7.1435,      6.0241,      3.8565,     10.5756,    574.3914,     75.1264,      0.0328,      6.1723,
